name,main_category,deadline,launched,goal,backers,length_of_campaign,project_success,sentiments
The Songs of Adelaide & Abullah,1,2015-10-09 11:36:00,2015-08-11 12:12:28,1000.0,0,58,0,0.0
Where is Hank?,2,2013-02-26 00:20:50,2013-01-12 00:20:50,45000.0,3,45,0,0.0
ToshiCapital Rekordz Needs Help to Complete Album,3,2012-04-16 04:24:11,2012-03-17 03:24:11,5000.0,1,30,0,0.4019
Community Film Project: The Art of Neighborhood Filmmaking,2,2015-08-29 01:00:00,2015-07-04 08:35:03,19500.0,14,55,0,0.0
Monarch Espresso Bar,4,2016-04-01 13:38:27,2016-02-26 13:38:27,50000.0,224,35,1,0.0
Support Solar Roasted Coffee & Green Energy! SolarCoffee.co,4,2014-12-21 18:30:44,2014-12-01 18:30:44,1000.0,16,20,1,0.6239
Chaser Strips. Our Strips make Shots their B*tch!,4,2016-03-17 19:05:12,2016-02-01 20:05:12,25000.0,40,44,0,0.0
SPIN - Premium Retractable In-Ear Headphones with Mic,5,2014-05-29 18:14:43,2014-04-24 18:14:43,125000.0,58,35,0,0.0
STUDIO IN THE SKY - A Documentary Feature Film (Canceled),2,2014-08-10 21:55:48,2014-07-11 21:55:48,65000.0,43,30,0,0.0
Of Jesus and Madmen,1,2013-10-09 18:19:37,2013-09-09 18:19:37,2500.0,0,30,0,0.0
Lisa Lim New CD!,3,2013-04-08 06:42:58,2013-03-09 06:42:58,12500.0,100,30,1,0.0
The Cottage Market,6,2014-10-02 17:11:50,2014-09-02 17:11:50,5000.0,0,30,0,0.0
G-Spot Place for Gamers to connect with eachother & go pro!,7,2016-03-25 22:01:12,2016-02-09 23:01:12,200000.0,0,44,0,0.0
Survival Rings,5,2015-02-28 02:10:53,2015-01-29 02:10:53,2500.0,11,30,0,0.0
The Beard,8,2014-11-08 22:27:52,2014-10-09 22:27:52,1500.0,16,30,0,0.0
Notes From London: Above & Below,1,2015-05-10 21:20:54,2015-04-10 21:20:54,3000.0,20,30,0,0.0
Mike Corey's Darkness & Light Album,3,2012-08-17 14:11:32,2012-08-02 14:11:32,250.0,7,15,1,-0.25
Boco Tea,4,2012-06-02 17:24:32,2012-05-03 17:24:32,5000.0,40,30,0,0.0
CMUK. Shoes: Take on Life Feet First.,9,2013-12-30 07:06:11,2013-11-25 07:06:11,20000.0,624,35,1,0.0
Alice in Wonderland in G Minor,10,2014-06-15 10:09:03,2014-05-16 10:10:38,3500.0,12,29,0,0.0
Mountain brew: A quest for alcohol sustainability,4,2015-02-25 19:17:33,2015-01-26 19:17:33,500.0,3,30,0,0.0
The Book Zoo - A Mini-Comic,8,2014-11-12 17:15:50,2014-10-23 17:15:50,175.0,66,20,1,0.0
Matt Cavenaugh & Jenny Powers make their 1st album!,3,2011-01-06 23:16:50,2010-12-07 23:16:50,10000.0,147,30,1,0.0
Superhero Teddy Bear,6,2016-01-05 20:09:06,2015-12-06 20:09:06,12000.0,0,30,0,0.0
Permaculture Skills,2,2014-12-14 18:02:00,2014-11-14 18:02:00,17757.0,571,30,1,0.0
Rebel Army Origins: The Heroic Story Of Major Gripes,8,2016-01-28 16:59:29,2015-12-29 16:59:29,100.0,27,30,1,0.4588
Daily Brew Coffee,4,2015-03-31 18:06:32,2015-03-01 18:06:32,3500.0,1,30,0,0.0
Ledr workbook: one tough journal!,5,2016-10-08 02:00:00,2016-09-07 13:14:26,1000.0,549,30,1,-0.2003
Feather Cast Furled Fly Fishing Leaders,5,2015-08-22 03:09:43,2015-07-23 03:09:43,2000.0,18,30,1,0.0
BB130A,11,2013-03-24 00:07:28,2013-02-12 01:07:28,25000.0,30,39,0,0.0
Chris Eger Band - New Nashville Record!,3,2014-08-13 08:59:00,2014-07-14 22:35:51,12000.0,92,29,1,0.0
Squatch Watchers,2,2013-08-23 21:40:13,2013-07-24 21:40:13,10000.0,54,30,0,0.0
Arrows & Sound Debut Album,3,2012-05-19 01:04:31,2012-04-19 01:04:31,4000.0,157,30,1,0.0
Zen in America: a film on Zen Buddhism in North America,2,2013-10-21 23:00:54,2013-09-21 23:00:54,10000.0,213,30,1,0.0
Galaxy: Winnie and Friends,11,2016-01-27 21:47:29,2015-12-23 21:47:29,3000.0,2,35,0,0.4767
Help Scott Reynolds Make a New Record!,3,2012-09-02 18:43:16,2012-08-03 18:43:16,15000.0,277,30,1,0.4574
"""THE RETURN"" book project",12,2013-12-13 00:34:20,2013-11-13 00:34:20,15000.0,232,30,1,0.0
"The Please, Please Me: Studio Premiere",3,2012-09-01 23:36:00,2012-07-15 03:27:33,10000.0,181,48,1,0.5574
WE ARE ONE: STREET MUSIC OF NEW ORLEANS,2,2013-10-01 06:00:00,2013-08-27 20:17:27,2500.0,0,34,0,0.0
Hot Chicken Takes Over.,4,2014-10-16 05:59:00,2014-09-16 02:31:08,40000.0,855,30,1,0.0
Star and the Snowman,2,2013-02-23 06:04:05,2013-01-24 06:04:05,8000.0,154,30,1,0.0
Seas of Iron,7,2013-07-19 03:16:33,2013-06-19 03:16:33,3000.0,218,30,1,0.0
(In)visible Empire Tees,11,2016-01-02 00:00:00,2015-11-22 22:47:44,1200.0,4,40,0,0.0
I'LL SEE YOU IN MY DREAMS - narrative feature film,2,2014-02-05 00:57:14,2014-01-11 00:57:14,60000.0,632,25,1,0.5319
SkateFrames-Photo frame made from recycled skateboard wood,11,2015-05-08 02:53:18,2015-04-08 02:53:18,7500.0,3,30,0,0.0
A Teacher's Travels in China,12,2012-05-13 23:34:56,2012-04-18 23:34:56,4000.0,71,25,1,0.0
Mothers Into Living Fit Yoga DVD for Moms and Babies,2,2014-06-19 17:18:29,2014-05-20 17:18:29,11000.0,51,30,1,0.3612
Mobile barbecue & catering trailer,4,2014-10-23 20:29:00,2014-09-24 03:35:33,13750.0,1,29,0,0.0
Following the Call - A Novel,1,2016-02-01 08:06:07,2016-01-02 08:06:07,13500.0,0,30,0,0.3182
UNDERWATER,2,2012-03-26 06:00:00,2012-02-13 19:00:37,9500.0,121,41,1,0.0
The Fanalyzers: Views from the Stands,2,2013-10-18 20:20:00,2013-09-18 20:20:00,60000.0,5,30,0,0.0
Empires at Sea,7,2015-06-23 12:47:52,2015-05-24 12:47:52,25000.0,448,30,1,0.0
Teachers In The Sky,2,2016-06-18 07:00:00,2016-04-19 23:53:22,250000.0,2,59,0,0.0
Fashion removeable decoration jewel accessory hells shoes,9,2016-10-13 11:59:57,2016-09-13 11:59:57,12000.0,2,30,0,0.3612
TO RUSSIA WITH LOVE AND SIMON,11,2016-06-22 18:10:04,2016-05-23 18:10:04,5000.0,8,30,0,0.6369
HIIT Bottleô,4,2015-04-27 19:33:08,2015-03-13 18:33:08,15000.0,2784,45,1,0.0
"""JurassicJurassix"" by The Guilt",3,2015-04-09 00:10:28,2015-02-23 00:10:28,850.0,13,45,0,-0.2732
Safer Home,13,2015-07-03 05:52:43,2015-06-03 05:52:43,50000.0,0,30,0,0.4215
"Pantochino Productions: ""Cinderella Skeleton, the Musical""",10,2011-07-08 15:08:51,2011-05-09 15:08:51,15000.0,144,60,1,0.0
"Raise the Woof, expanding the love (Canceled)",5,2015-08-07 21:46:53,2015-07-08 21:46:53,15000.0,6,30,0,0.6369
"""Flying"" Carpets from Azerbaijan, Iran and Turkey/Anatolia",6,2015-04-29 19:55:31,2015-03-30 19:55:31,5000.0,1,30,0,0.0
Gizbeeô Unlimited Removable Storage for Your Travel Photos,13,2016-03-25 19:30:27,2016-02-29 20:30:27,87000.0,15,24,0,0.0
Diposta - liberating people from their postal mailbox.,13,2016-08-23 13:18:36,2016-07-24 13:18:36,100000.0,3,30,0,0.0
My Future Just Passed - Debut CD - Jazz Trio,3,2014-12-03 21:11:44,2014-11-03 21:11:44,4000.0,95,30,1,0.0
"Loot and Recruit - A quirky, combative, deck building game",7,2015-04-10 05:59:00,2015-03-10 13:19:18,13000.0,65,30,0,0.0
Babe Ruth's Family Kitchen - Gourmet Hot Dogs and Condiments,4,2015-10-13 00:59:36,2015-09-08 00:59:36,25000.0,0,35,0,0.0
VOTE (anyone but) TRUMP Candle,5,2016-08-24 05:59:00,2016-07-12 17:31:42,500.0,6,42,0,0.0
"""It's Complicated"" by Ariana Salome",9,2016-06-09 22:52:00,2016-05-10 22:52:00,68000.0,0,30,0,0.0
Secular Solstice 2014,10,2014-10-27 00:50:58,2014-10-02 01:50:58,7500.0,164,24,1,0.0
Uncommon Rhythm - Season One,2,2013-09-13 08:55:00,2013-08-15 11:16:24,29700.0,76,28,0,0.0
Legacy of Svarog | a Unique 3D Action RPG and Adventure Game,7,2015-10-30 05:33:31,2015-08-31 06:33:31,50000.0,38,59,0,0.3182
ANVIL Beard,9,2015-02-06 13:00:00,2014-12-15 19:13:37,2000.0,9,52,0,0.0
AWE - Antediluvian Wars: Extermination Tactical Card Game,7,2014-08-31 00:00:00,2014-08-01 00:02:17,13000.0,34,29,0,-0.5574
Road to the Shire,2,2012-02-14 21:00:00,2012-01-11 20:13:55,4000.0,29,34,1,0.0
Spiral Electric Skylab Recording,3,2015-02-26 18:54:23,2015-02-04 18:54:23,500.0,31,22,1,0.0
The Locals Only Shirt,9,2012-05-18 07:59:00,2012-05-01 07:11:25,500.0,36,17,1,0.0
"""Where is Home?"" Anthology",8,2014-07-10 00:09:47,2014-06-10 00:09:47,4000.0,153,30,1,0.0
"Diet! No thanks, I'd rather lose weight",1,2016-10-30 17:13:01,2016-08-31 18:13:01,10000.0,9,59,0,-0.6595
The Onrust Project and Two Row Treaty of 1613,10,2013-06-16 00:58:02,2013-04-17 00:58:02,5000.0,2,60,0,0.0
My Coffee Box,4,2014-06-16 22:43:36,2014-05-17 22:43:36,3000.0,18,30,0,0.0
øTu Sabes? (You Know?) a music collaboration by Daya & Edu,3,2012-12-13 00:12:00,2012-10-30 08:53:03,4500.0,10,43,0,0.0
P/O/V Comic and Literary Anthology,8,2012-03-06 18:25:26,2012-01-21 18:25:26,4289.0,14,45,0,0.0
"""Little Shop of Horrors"" at the Browncoat Theatre!",10,2012-08-14 20:05:26,2012-06-30 20:05:26,2000.0,40,45,1,-0.5759
Glyscian Debut Album Recording (Canceled),3,2012-05-26 04:25:46,2012-03-27 04:25:46,15000.0,4,60,0,0.0
The Dark Waters Project,3,2013-04-07 05:55:00,2013-02-20 01:48:42,10000.0,113,46,1,0.0
Los Angeles International Student Film Festival,2,2014-04-03 17:24:51,2014-03-04 17:24:51,1500.0,29,30,1,0.4939
Bob Contemplates Ending It All,2,2014-01-27 02:00:00,2013-12-18 20:54:02,3000.0,52,39,1,0.0
The Girls Bathroom,2,2011-07-31 06:00:00,2011-07-06 16:35:45,2000.0,45,24,1,0.0
Best Spray Bottle Ever - SureShot,13,2015-03-07 16:57:21,2015-02-05 16:57:21,25000.0,3,30,0,0.6369
New Lasagna,4,2014-10-17 11:13:15,2014-08-18 11:13:15,5000.0,0,60,0,0.0
Just Another Reality Show: Season 3,2,2014-05-11 23:04:22,2014-04-10 23:04:22,500.0,8,31,1,0.0
Backroads EP Processing Costs,3,2012-10-26 23:00:00,2012-10-11 23:32:24,200.0,14,14,1,0.0
Disaster Area: A Podcast,1,2016-12-28 17:58:04,2016-11-28 17:58:04,1000.0,3,30,1,-0.6249
Titanium EDC Bottle Opener,5,2016-11-20 16:23:31,2016-10-21 16:23:31,500.0,4,30,0,0.0
Fishtacular - The Ultimate Fishing Tool (Canceled),13,2015-05-25 20:04:12,2015-04-23 20:04:12,50000.0,19,32,0,0.0
"""Eat Like A Gilmore"" Cookbook",4,2016-04-17 04:00:00,2016-03-14 12:39:29,20000.0,1261,33,1,0.3612
PATTY AT THE PARTY - a mumblecore horror feature,2,2010-07-04 21:12:00,2010-04-29 07:14:32,5000.0,3,66,0,-0.0688
Bold Threadz,9,2012-09-20 21:59:00,2012-08-02 04:47:11,5400.0,131,49,1,0.3818
Happy Fix USA,9,2014-10-01 17:06:42,2014-08-17 17:06:42,1750.0,25,45,1,0.5719
Be part of the next SMB Project album,3,2012-03-24 02:00:00,2012-02-12 17:33:14,1000.0,41,40,1,0.0
DAYTRADER - A Financial Board Game,7,2013-03-13 15:16:06,2013-02-05 16:16:06,19500.0,491,35,1,0.0
Mama's Meatballs,4,2014-08-07 18:52:26,2014-07-08 18:52:26,100.0,0,30,0,0.0
"Ebony Child:Music Artist drops New Album, Comic Book, & Film",3,2016-05-21 01:46:25,2016-04-21 01:46:25,10000.0,1,30,0,0.0
Alpha Omega E.P.,3,2016-09-30 22:34:26,2016-09-05 22:34:26,1000.0,13,25,0,0.0
The Legendary YD 2016 Tour,3,2016-05-18 19:48:00,2016-03-19 21:51:03,6325.0,2,59,0,0.0
MEMORY LANE,2,2010-11-08 22:48:40,2010-10-09 22:48:40,20000.0,4,30,0,0.0
"Jane Brown... a story of courage, survival and love",1,2011-12-31 00:01:57,2011-10-31 23:01:57,25000.0,0,60,0,0.8126
CASE:Lynk - Your EMERGENCY iPhone Charge & Sync Cord,5,2012-10-11 06:59:37,2012-09-06 06:59:37,125000.0,67,35,0,-0.516
Cat - Pre-Professional Ballerina,14,2014-10-06 13:24:34,2014-08-07 13:24:34,3400.0,0,60,0,0.0
Wordwright: re∑de∑fin∑ing word play,7,2015-12-29 02:00:00,2015-11-21 14:12:27,2000.0,624,37,1,0.34
SERiNO'S PiZZA ROLLiNG PiZZA LAB (Food Truck),4,2014-09-30 23:39:19,2014-09-01 23:39:19,20000.0,0,29,0,0.0
A photobook of life in Japan,12,2013-03-14 02:11:43,2013-02-12 03:11:43,3200.0,11,29,0,0.0
Operation: Make Stuff,7,2012-10-18 04:46:06,2012-09-18 04:46:06,200.0,36,30,1,0.0
Xi3: Help us Usher in the Post-PC Era,13,2012-10-28 08:33:59,2012-09-28 09:33:59,250000.0,120,29,0,0.4019
help our wood shop buy a lathe & hopefully a laser engraver,11,2014-11-13 21:50:32,2014-10-24 21:50:32,650.0,0,20,0,0.6597
Spirits Asunder,2,2015-03-31 05:52:30,2015-03-01 05:52:30,500.0,1,30,0,0.0
Store Facades - Paintings out of Pittsburgh,11,2013-03-30 02:02:09,2013-02-28 03:02:09,800.0,20,29,1,0.0
Trackside - Independent documentary featuring Marshals,2,2014-03-02 22:00:00,2014-01-24 12:49:11,5000.0,47,37,1,0.0
"Brandi Emma promotes her new, 5-song EP because of YOU! Pre-Order Right Here :)",3,2010-07-12 08:59:00,2010-06-12 01:44:53,10000.0,44,30,0,0.69
Gantish - Online Reward Chart Creator for Parents,13,2015-09-16 15:37:03,2015-08-17 15:37:03,4000.0,12,30,0,0.5719
URBNPOP / CHRIS HAMER SKETCHBOOK,1,2012-07-18 16:58:21,2012-06-18 16:58:21,1400.0,49,30,1,0.0
Sellegg start up classified site,13,2016-03-20 19:26:00,2016-03-02 02:13:52,15000.0,1,18,0,0.0
Farmer Brown's Analogy Farm Game for ages three and above,7,2013-10-30 02:32:14,2013-09-27 03:32:14,25000.0,3,32,0,0.0
The Seven Rays,3,2012-04-09 02:52:41,2012-02-24 02:52:41,3000.0,8,45,0,0.0
David LaRocca: Star Spawn,11,2015-10-22 04:30:00,2015-09-21 14:44:46,650.0,53,30,1,0.0
Calendars for Cats,12,2015-12-29 14:56:30,2015-11-29 14:56:30,1000.0,3,30,0,0.0
DOGMA - Short Film,2,2015-03-20 01:00:00,2015-03-06 15:13:20,750.0,15,13,1,0.0
Project U-Neek,11,2013-05-08 01:06:32,2013-04-08 01:06:32,1500.0,19,30,1,0.0
Architecture & Design Website,5,2014-09-28 19:47:50,2014-08-29 19:47:50,500.0,0,30,0,0.0
#NotMyPresident Protest Tees,9,2016-12-22 04:46:10,2016-11-22 04:46:10,2500.0,1,30,1,-0.25
Musical Light Suit,13,2011-06-28 09:09:15,2011-05-19 09:09:15,6000.0,2,40,0,0.0
YA science-fiction/comedy book series: Zeek Kim'lo,1,2016-06-16 01:05:02,2016-05-17 01:05:02,10000.0,1,30,0,0.0
Rising Star - Unsigned Artist Compilation Album,3,2013-02-22 22:32:01,2013-01-08 22:32:01,600.0,0,45,0,0.0
HYDRA DICE,7,2012-06-06 07:42:47,2012-05-07 07:42:47,12000.0,89,30,0,0.0
Islamic World - Strategic gaming with Islamic values,7,2014-08-19 12:52:57,2014-07-20 12:52:57,1925.0,5,30,0,0.4019
Hangar 1 Foundation,13,2014-10-18 19:40:43,2014-09-03 19:40:43,8500.0,4,45,0,0.0
Adele's Heart is Going to Edinburgh,10,2012-06-18 14:33:11,2012-05-14 14:33:11,7500.0,67,35,1,0.6369
ODIN: Android 'Smart' Projector to Carry in Your Pocket,13,2014-07-08 05:59:00,2014-05-28 13:54:18,250000.0,561,40,1,0.4019
Jenny's Photography - Start own business and travel!!,12,2014-08-29 18:14:06,2014-07-30 18:14:06,500.0,1,30,0,0.0
Kaleidoscope Man,2,2012-12-22 03:59:00,2012-11-15 22:46:18,60000.0,90,36,0,0.0
OperaciÛn Douve,2,2016-05-01 19:09:05,2016-03-02 19:09:05,100.0,2,60,0,0.0
42 Sketches 2013,1,2013-04-07 22:16:10,2013-03-18 21:16:10,1000.0,78,20,1,0.0
"ADVENT SAGA, DIGITAL TACTICAL CARD GAME",7,2014-07-31 16:01:41,2014-07-01 16:01:41,70000.0,260,30,0,0.0
"Crap Amidst Hilarity, vol. 1",7,2016-03-22 00:36:45,2016-01-22 01:36:45,7500.0,55,59,0,-0.3818
"Packable, Fashionable & Protective; the ULTIMATE sun hat.",9,2014-06-07 01:00:00,2014-05-01 17:36:59,36000.0,750,36,1,0.0
VoxCube - 8x8x8 RGB LED chainable cubes,13,2016-04-01 00:15:02,2016-03-02 00:15:02,129000.0,32,30,0,0.0
New world disorder,3,2016-07-05 01:46:00,2016-06-05 18:46:18,5000.0,0,29,0,-0.4019
"""GENERATION FX"" a documentary film.",2,2012-12-09 04:57:11,2012-10-10 04:57:11,100000.0,37,60,0,0.0
"Rack and Ruin, Out of Orbit 3",1,2015-06-17 21:52:36,2015-05-18 21:52:36,2500.0,29,30,0,-0.5859
Help me prepare for an upcoming art show,11,2016-04-24 21:25:41,2016-03-10 21:25:41,1200.0,2,45,0,0.4019
STREETFIGHTERZ WHEELIE MURICA,2,2014-09-20 06:59:00,2014-08-06 21:28:36,6500.0,0,44,0,0.0
The Forever Rechargeable Talking Super Capacitor Flashlight,13,2013-10-23 23:36:49,2013-09-23 23:36:49,2000.0,18,30,0,0.5994
COVENANT,3,2014-12-07 18:02:15,2014-11-07 18:02:15,32000.0,42,30,0,0.0
Elephant Gun Media Blitzkrieg,3,2011-11-04 06:00:00,2011-10-20 23:51:42,777.0,36,14,1,-0.34
Our Shared Stories: An Afghan Diary,1,2016-08-20 16:22:04,2016-07-06 16:22:04,7500.0,86,45,1,0.34
The Gentle Art Of Tutelage,2,2013-03-20 18:38:31,2013-01-19 18:38:31,50000.0,26,60,0,0.4404
"Air Bonsai | Create your ""little star""",5,2016-03-01 12:18:00,2016-01-21 12:18:00,80000.0,3784,40,1,0.2732
"Canadian Invasion's ""Choose Your Own Adventure"" Album",3,2010-12-20 05:59:00,2010-10-26 01:17:27,2000.0,38,55,1,0.3182
Wrist Covers,5,2015-04-24 19:39:59,2015-02-23 19:39:59,9500.0,0,60,0,0.0
High Stakes: A Short Film,2,2013-11-03 21:55:16,2013-10-09 21:55:16,5000.0,81,25,1,0.0
Fomatek: Foam Laptop Desks & Music Stands Elevate your Gear.,5,2015-09-26 22:02:59,2015-08-27 22:02:59,10000.0,10,30,0,0.0
100 Risings,2,2014-07-10 10:36:20,2014-06-10 10:36:20,500.0,1,30,0,0.0
Sky Scrapers Project,7,2015-06-16 21:44:40,2015-05-17 21:44:40,50000.0,32,30,0,0.0
Keys to the Moon's First Full Length Album!,3,2016-10-01 05:59:00,2016-09-01 15:32:07,4000.0,37,29,1,0.0
Strait Jacket ñ Tangle Prevention For Headphones,5,2016-11-23 03:35:51,2016-10-24 03:35:51,30000.0,46,30,0,0.0
Worrisome Wilf's Beastly Bedtime,1,2013-06-12 13:59:23,2013-05-13 13:59:23,5500.0,140,30,1,-0.4019
"Airfoil Click Pen: Aviation Inspired, for gel & rollerball",5,2014-10-05 08:00:00,2014-09-09 20:17:23,5000.0,327,25,1,0.4939
"VLC for the new Windows 8 User Experience (""Metro"")",13,2012-12-29 13:54:50,2012-11-29 13:54:50,40000.0,3080,30,1,0.0
Raise funds for the new JonathanGluck and the Wayward Kind album!,3,2010-09-19 05:59:00,2010-07-30 23:23:15,4000.0,2,50,0,0.5707
The Spider and the Fly,1,2014-07-09 09:10:06,2014-06-09 09:10:06,19650.0,164,30,1,0.0
Knock Down Drag Out,2,2012-01-10 05:59:00,2011-12-09 00:23:22,800.0,19,32,1,-0.2263
Day of the Dead Tyrion Lannister Calavera Vinyl Stickers,11,2015-01-17 04:12:23,2015-01-03 04:12:23,275.0,40,14,1,-0.6486
Harold VS The Horde,7,2015-01-18 07:49:11,2014-12-19 07:49:11,14000.0,18,30,0,0.0
Camille Peruto - NEW ALBUM,3,2016-07-06 00:02:52,2016-05-07 00:02:52,15000.0,69,60,1,0.0
APP - CUSTOM SHOES/ Calzado Personalizado - MADAME MARIAN,13,2016-12-21 06:59:00,2016-11-19 04:05:23,55000.0,7,32,1,0.0
Tye's Photographic Journey.,12,2015-12-12 07:06:24,2015-11-12 07:06:24,2500.0,0,30,0,0.0
The Sword of Asumi Visual Novel,7,2014-11-10 11:30:00,2014-10-19 20:35:23,2500.0,107,21,1,0.3182
Wax Stacks LP Record Crates,5,2015-07-15 17:55:05,2015-06-15 17:55:05,35000.0,120,30,1,0.0
The JANIS JOPLIN Project (Canceled),12,2012-08-21 05:09:00,2012-07-10 02:31:19,11000.0,1,42,0,0.0
Strawberry Fields CafÈ and Patisserie,4,2017-01-23 17:14:00,2016-12-01 21:16:27,50000.0,0,52,1,0.0
Tofu: Stylish T-Shirts that are Made by Freedom,9,2015-08-10 05:30:00,2015-07-22 15:31:10,3000.0,140,18,1,0.6369
American Confines vol 1: Cincinnati in 52,12,2016-07-20 05:59:00,2016-06-20 08:10:03,17500.0,14,29,0,0.0
Good Company,2,2012-02-27 04:22:17,2012-01-28 04:22:17,500.0,1,30,0,0.4404
"Launch ""Romeo and Juliet in Yiddish"" in New York City",2,2011-06-10 22:17:10,2011-05-17 22:17:10,5000.0,0,24,0,0.0
The Case of the Silent Girl - a dark Sherlock Holmes tale,8,2016-07-18 20:16:00,2016-06-18 20:16:00,4450.0,47,30,1,0.0
Chasing Blue at The Trans Theatre Festival,10,2016-06-01 06:59:00,2016-04-29 19:53:22,4000.0,105,32,1,0.4939
Mooli London | Designer Camera & Tech Bag - The Hampton,5,2015-10-10 00:59:00,2015-09-04 16:33:23,15000.0,85,35,1,0.0
CLOTHING LABEL WITH A 90's STATE OF MIND - MADE IN FRANCE,9,2016-12-18 18:51:27,2016-11-18 18:51:27,3286.0,32,30,1,0.0
The Ultimate Custom Shark Rig,5,2015-04-24 15:58:46,2015-03-25 14:58:46,8000.0,0,30,0,-0.128
Climbing 4 Kidz,2,2014-05-08 15:37:00,2014-04-09 22:39:16,38875.0,0,28,0,0.0
Tugboat Collective's Inaugural Season,10,2012-10-11 04:00:00,2012-09-12 05:32:06,9000.0,115,28,1,0.0
Geocaching Trading Cards - History Series II,7,2013-03-03 20:14:41,2013-02-01 20:14:41,1500.0,52,30,1,0.0
The FUN n' EASY CookBook For Children's Well.....Fun Cooking,1,2012-12-09 17:59:00,2012-11-07 19:53:01,3500.0,0,31,0,0.8256
Space Trucker,7,2016-12-08 08:20:27,2016-11-08 08:20:27,150.0,4,30,1,0.0
High,2,2016-07-02 04:55:34,2016-06-02 04:55:34,5250.0,0,30,0,0.0
Club Wick3d,7,2015-03-23 21:28:42,2015-01-22 22:28:42,300000.0,1,59,0,0.0
Modern Handmade Ceramics: Paper & Clay,11,2013-05-24 04:48:33,2013-05-10 04:48:33,3000.0,94,14,1,0.0
Join me in completing my first Solo Project CD!,3,2011-09-30 22:05:00,2011-08-09 23:19:09,2000.0,7,51,0,0.3595
Ashley's Beauty Tool Organizer Kit,6,2014-08-30 00:59:00,2014-08-06 21:31:52,7000.0,0,23,0,0.5859
Quick Query - Relaunch!,7,2014-08-18 19:02:26,2014-07-19 19:02:26,750.0,56,30,1,0.0
"Quick, The Clockwork Knight Volume #2",8,2014-06-03 07:59:00,2014-04-16 05:25:22,2000.0,105,48,1,0.0
WrittenWitheArt,1,2014-03-05 19:00:00,2014-02-04 01:30:08,1500.0,26,29,1,0.0
"Uptown Juice Company: Local, cold-pressed goodness",4,2014-04-01 08:59:00,2014-02-25 00:15:17,25000.0,161,35,1,0.4588
Objecthood: A Story of an Imagined Economy (Canceled),1,2011-08-12 18:25:00,2011-07-22 00:28:16,15000.0,1,21,0,0.0
Strain Wars: Playing cards,7,2016-07-31 11:18:43,2016-07-16 11:18:43,5000.0,6,15,0,-0.4588
Wood Floor Fundraiser,14,2015-08-16 17:13:30,2015-08-11 17:13:30,1200.0,21,5,1,0.0
Water Purification System Using Solar Evacuated Tube,5,2016-04-28 23:36:17,2016-04-08 23:36:17,150.0,15,20,1,0.0
Steel Cathedrals- Short poems for the digital age.,1,2013-07-28 23:17:04,2013-06-28 23:17:04,4000.0,1,30,0,0.0
The Chameleon Chronicles: Colors of Fate,1,2014-12-23 05:00:00,2014-12-03 04:26:07,500.0,1,20,0,0.0
Once Were Ghosts - Ephemeral 7-Song EP,3,2011-06-14 09:00:07,2011-04-15 09:00:07,1000.0,0,60,0,0.0
Via ChicñOneClutchô,5,2015-08-14 03:47:54,2015-06-30 03:47:54,75000.0,21,45,0,0.0
Afraid So Galileo Album,3,2016-06-26 11:39:38,2016-05-27 11:39:38,5500.0,0,30,0,0.0
Paterson Falls Film Festival,2,2013-05-03 03:09:07,2013-04-03 03:09:07,1500.0,27,30,1,0.4939
Thailand country side,12,2014-10-25 21:23:18,2014-08-26 21:23:18,17000.0,2,60,0,0.0
Equinox: my first comic (genre: fantasy),8,2011-06-04 21:36:40,2011-04-25 21:36:40,5150.0,97,40,1,0.0
Student Operated Fabrication Lab,13,2012-07-11 13:55:42,2012-06-11 13:55:42,5000.0,57,30,1,0.0
Nurse Mare Foals: Born to Die,2,2015-01-06 19:45:47,2014-12-07 19:45:47,20000.0,383,30,1,-0.5994
The Bird Nerd,2,2014-07-03 16:00:20,2014-06-03 16:00:20,400.0,36,30,1,-0.296
Funky Grits - fast casual diner pairing music with the menu!,4,2015-10-01 06:59:00,2015-09-03 17:32:07,100000.0,13,27,0,0.1759
The Great Kentucky Goblin Spree,2,2014-03-21 20:04:07,2014-02-19 21:04:07,5500.0,88,29,1,0.6249
Made From Scratch,4,2015-08-31 18:33:56,2015-08-01 18:33:56,25000.0,0,30,0,0.0
Pierced Hearts Tattoo Boutique Start Up,11,2015-05-13 13:40:11,2015-03-14 12:40:11,5000.0,0,60,0,0.6486
Pole Diversity: A Showcase of Acrobatic Dance (Part Two),14,2015-09-19 02:00:00,2015-08-19 21:02:03,450.0,4,30,0,0.0
A New Omni-Wheel. A mechanical innovation created for robots,13,2016-06-24 16:19:03,2016-05-25 16:19:03,3500.0,7,30,0,0.5574
BrewStick ~ carboy ruler,4,2014-03-24 21:45:11,2014-02-22 22:45:11,22500.0,2,29,0,0.0
Open Fiesta Arts Store dreaming big in San Antonio,11,2016-03-05 00:50:26,2016-01-20 00:50:26,5000.0,4,45,0,0.4767
Opening Portals DVD,2,2014-03-28 09:27:50,2014-02-26 10:27:50,2000.0,0,29,0,0.0
Nutty Nations: Re-Imagining Learning Through Games,7,2014-12-01 12:24:36,2014-10-24 12:24:36,25000.0,71,38,0,0.0
Night Terrors: Garden of Limbo,1,2014-01-05 20:23:31,2013-12-06 20:23:31,350.0,14,30,1,-0.5574
Inclusive Toolkit: tools for iOS & OS X app accessibility,13,2015-06-13 03:00:00,2015-05-13 13:20:01,5500.0,184,30,1,0.0
Greek4Fun,7,2012-05-09 15:07:15,2012-04-09 15:07:15,12000.0,14,30,0,0.0
Hood's Up Brewery,4,2015-06-21 05:00:00,2015-05-15 20:39:33,28000.0,62,36,0,0.0
Fooju Dance Collaborative,14,2014-12-21 08:02:19,2014-11-21 08:02:19,1500.0,47,30,1,0.0
CHRIS CRITELLI RECORDS HIS DEBUT EP!,3,2013-09-05 04:02:22,2013-08-06 04:02:22,10000.0,195,30,1,0.0
Piero Marsili,2,2016-08-09 17:51:08,2016-06-30 17:51:08,10000.0,0,40,0,0.0
Sleeping in a Truck,3,2009-07-15 04:58:00,2009-06-20 22:15:06,10000.0,65,24,1,0.0
Design Your Own Leatherjacket,9,2016-06-14 22:04:54,2016-05-29 22:04:54,2000.0,7,16,1,0.0
Sanfilippo Wing it!,9,2016-06-26 23:59:00,2016-05-15 22:43:59,10000.0,25,42,0,0.0
LEGO Imagination Lab,2,2014-03-16 22:56:40,2014-02-14 23:56:40,2500.0,15,29,0,0.0
Arkham Source Book,7,2012-08-12 05:33:44,2012-06-13 05:33:44,800.0,3,60,0,0.0
Finishing & Festival Funds - The Final Stage - short film,2,2016-09-18 02:01:00,2016-08-29 22:44:12,2000.0,9,19,0,0.4939
Lonely House Films: Adam Hope,2,2012-06-09 07:43:31,2012-05-10 07:43:31,3397.98,1,30,0,0.1027
Open A.I.R.,11,2010-07-12 22:00:00,2010-05-12 21:45:14,3000.0,55,61,1,0.0
At Home in Maine: A Film Series About Homebirth and Midwives,2,2011-09-15 17:35:43,2011-08-01 17:35:43,10000.0,34,45,0,0.0
The FUSIONproject,2,2011-04-24 01:08:46,2011-03-24 00:08:46,5000.0,1,31,0,0.0
Lego Batman: Zombie Genesis Series,2,2013-06-04 10:17:24,2013-05-14 10:17:24,125.0,19,21,1,0.0
Digitizing My Family,2,2014-12-06 06:59:00,2014-11-05 15:50:51,3500.0,43,30,1,0.0
"""Progress"" The Steampunk Series - Season 2",2,2015-09-05 03:19:15,2015-08-06 03:19:15,40000.0,18,30,0,0.4215
Winter Writing Residency,11,2012-02-15 17:59:00,2012-01-28 19:07:32,1000.0,21,17,1,0.0
DOME Shades: Sunglasses for Big Heads,9,2015-03-31 21:13:42,2015-02-25 21:13:42,10000.0,36,34,0,0.0
A Portrait a Day 365 Challenge,11,2014-12-25 17:43:46,2014-11-25 17:43:46,30000.0,9,30,0,0.0772
XPUMP | TURN ANY SOUND SOURCE INTO A HOME THEATER EXPERIENCE,13,2016-10-21 10:00:03,2016-09-06 10:00:03,25000.0,2278,45,1,0.0
Complete Paine's Skatepark,11,2013-04-03 23:01:25,2013-03-14 22:01:25,10000.0,177,20,1,0.0
Westward #8,8,2014-07-31 18:00:00,2014-06-25 17:27:43,2500.0,75,36,1,0.0
TIBA Putt: A personal approach to improve your putting,5,2014-05-14 04:54:04,2014-04-14 04:54:04,9225.0,32,30,0,0.4404
Ghost Herds: Rescuing horses and horse people in Kentucky,1,2013-02-25 03:06:59,2013-01-26 03:06:59,2200.0,31,30,1,-0.3182
Gideon's Epic Forge,11,2014-08-30 23:40:01,2014-07-31 23:40:01,550.0,23,30,1,0.0
"The Farmer, the Bean and the Holy Roast",4,2013-02-21 22:58:00,2013-01-22 22:58:00,3500.0,29,30,0,0.0
A Jessica Rabbit Production,3,2012-07-16 06:59:00,2012-06-28 05:56:40,1300.0,10,18,0,0.0
FINAL HOURS!!! Kira Kira Rainbow Unicorn Stickers!,6,2016-01-17 09:03:53,2016-01-02 09:03:53,250.0,39,15,1,0.0
Belleflower - A Feature Film,2,2014-05-28 23:32:26,2014-05-07 23:32:26,2500.0,42,21,1,0.0
Mutant Plants: A Guide (Canceled),1,2013-08-03 11:17:47,2013-07-04 11:17:47,1000.0,6,30,0,0.0
MAB MINDZ AT SOUND SET 2014,9,2014-05-09 06:30:00,2014-04-22 02:33:09,1500.0,9,17,0,0.0
Lei,2,2016-04-17 00:00:00,2016-03-24 18:44:13,370.0,17,23,1,0.0
"""The Get Back"" an adaptation of Wrong Becomes Me",2,2010-08-03 05:59:00,2010-06-24 13:34:32,9000.0,8,39,0,-0.4767
The Bicycle Bus,11,2013-03-25 12:00:00,2013-02-20 20:45:04,4500.0,107,32,1,0.0
Danger! Extreme Lawn Darts (Canceled),7,2012-05-30 21:11:19,2012-05-15 21:11:19,10000.0,3,15,0,-0.5707
My 1st Cookbook (for children),1,2013-07-29 05:00:00,2013-06-29 02:37:50,3800.0,9,30,0,0.0
Glory of the Three Kingdoms - Guandu Core Set,7,2012-12-07 14:43:27,2012-10-23 14:43:27,7000.0,130,45,1,0.5423
The Great Apple Pie,4,2014-08-15 05:03:30,2014-07-16 05:03:30,15.0,2,30,0,0.6249
The Project Unknown (Canceled),7,2015-11-07 18:59:12,2015-09-08 18:59:12,50000.0,1,60,0,0.0
It belongs to the world: Ackermann's Repository of Arts!,9,2013-07-05 02:50:48,2013-06-05 02:50:48,5000.0,0,30,0,0.0
Riposte (Canceled),7,2015-11-18 20:10:12,2015-10-19 20:10:12,15000.0,28,30,0,0.0
"Chill Puck - Keep your beverage colder, longer.",5,2013-05-08 21:01:00,2013-04-10 02:00:27,7500.0,1127,28,1,0.0
Heroes And Other Strangers at FringeNYC,10,2011-07-02 04:53:00,2011-05-30 05:52:57,1971.0,53,32,1,0.5106
Project World,12,2014-04-30 01:00:00,2014-03-26 00:45:57,20000.0,2,35,0,0.0
Single Track - contemporary art gallery and espresso bar,11,2013-11-22 21:08:11,2013-10-23 21:08:11,9900.0,85,30,1,0.0
The Great Fly Cup Bake Off,4,2015-09-08 20:29:42,2015-08-09 20:29:42,250.0,17,30,1,0.6249
"Un Amour Oublie ""a love forgotten""",2,2015-06-10 19:37:54,2015-05-11 19:37:54,5000.0,0,30,0,0.5106
In the Loop: A Resource Strategy Game for Tomorrow's Leaders,7,2015-08-07 14:01:20,2015-07-08 14:01:20,10000.0,102,30,1,0.0
Sasha's Fashion Show - Spectacle,9,2014-03-21 22:31:00,2014-03-03 21:40:06,1750.0,51,18,1,0.0
Bass River Press,1,2015-04-05 19:58:58,2015-03-06 19:58:58,2000.0,6,30,0,0.0
Betul Soykan Records Joaquin Turina Violin Works CD Project,3,2014-09-24 02:33:39,2014-08-25 02:33:39,2250.0,4,30,0,0.0
Food truck for the world.,4,2015-09-15 17:28:20,2015-08-31 17:28:20,2000.0,0,15,0,0.0
Publishing The Occupy Portraits,12,2014-07-09 07:23:53,2014-05-10 07:23:53,60000.0,71,60,0,0.0
Daweyu Hills ñ Crop to Cup,4,2015-10-15 21:01:47,2015-09-15 21:01:47,25000.0,172,30,1,0.0
TimeChatô (Canceled),13,2014-10-24 21:05:58,2014-09-23 21:05:58,33000.0,5,31,0,0.0
Duncan Woods - Chameleon EP,3,2015-08-25 23:00:00,2015-08-04 12:05:17,4500.0,0,21,0,0.0
Peripheral vision - short film,2,2015-06-02 10:16:59,2015-05-08 10:16:59,250.0,17,25,1,0.25
i do it 4 oakland,11,2013-12-11 23:17:02,2013-11-11 23:17:02,4800.0,102,30,1,0.0
Florida: A Broken Kingdom,1,2014-08-15 22:27:34,2014-07-16 22:27:34,7000.0,0,30,0,-0.4767
Help start Jacksonville's FIRST Paint Your Own Pottery Store,11,2014-11-04 00:57:10,2014-09-25 00:57:10,8000.0,1,40,0,0.4019
Baby Boom Baby Bag,9,2013-09-28 13:33:00,2013-08-28 18:58:44,1500.0,12,30,0,0.0
Scar Tissue,12,2011-07-24 14:43:02,2011-06-09 14:43:02,6000.0,20,45,1,0.0
STAGNANT POOL enters post-production,2,2013-12-25 20:31:21,2013-11-25 20:31:21,7500.0,96,30,1,0.0
I Am Pro-movement:,9,2016-02-15 23:37:18,2015-12-17 23:37:18,20000.0,6,60,0,0.0
Billion Dollar Project,5,2016-01-16 10:38:26,2015-12-17 10:38:26,200.0,0,30,0,0.0
You in a novel,1,2015-11-09 23:03:21,2015-09-10 23:03:21,1000000.0,1,60,0,0.3182
Peak View Brewing Company,4,2016-10-10 14:25:04,2016-09-10 14:25:04,15000.0,145,30,1,0.0
Audience of Death (Canceled),1,2015-04-17 00:58:03,2015-03-03 00:58:03,4500.0,0,45,0,-0.5994
Finding Black Love: The Documentary,2,2012-04-01 23:40:14,2012-02-01 23:40:14,15000.0,13,60,0,0.6369
""" The Patch, Organics """,8,2014-12-23 03:21:18,2014-11-23 03:21:18,65000.0,2,30,0,0.0
Virtual Addiction Recovery Website & Phone App/ Saving life,13,2015-06-28 16:49:07,2015-04-29 16:49:07,8500.0,0,60,0,0.0
Fatnek Clothing Sublimation Series of T-shirts.,9,2013-08-01 21:53:59,2013-07-02 21:53:59,600.0,7,30,0,0.0
Titanium Whiskey Glass - The EPIC Drinking Glass,5,2014-07-27 17:24:06,2014-06-27 17:24:06,999.0,75,30,1,0.0
WHAT CHILDREN DO - A Feature Length Comedy,2,2016-03-25 19:40:21,2016-02-23 20:40:21,15000.0,192,30,1,0.3612
College Spring Break Review,13,2015-03-28 18:35:55,2015-02-26 19:35:55,9000.0,0,29,0,0.0
Tall Tales: An evening of dance with ChoreoJoey,14,2016-08-07 03:30:00,2016-07-21 05:18:26,3000.0,1,16,0,0.0
Light Comes In,3,2016-06-25 07:33:13,2016-05-28 07:33:13,7000.0,138,28,1,0.0
WOOD FIRED OVEN FOR OUR GROWING COMMUNITY,4,2015-11-21 23:10:38,2015-10-22 23:10:38,20000.0,9,30,0,-0.4404
The Traps - 2nd Record Vinyl Release,3,2015-08-01 21:01:00,2015-06-09 13:59:01,2000.0,80,53,1,0.0
Rocky Horror Saved My Life - A Fan Documentary,2,2013-11-01 01:00:00,2013-09-02 02:06:49,50000.0,665,59,1,0.1027
CLEX - 4 in 1 Smart Device (Canceled),13,2016-07-18 22:56:06,2016-06-13 22:56:06,50000.0,22,35,0,0.4019
Songs of the Damned Jake Brock's Latest Album.,3,2012-10-13 15:28:07,2012-08-24 15:28:07,15000.0,4,50,0,-0.3818
Circa Vitae requests crowd fundage to record our full length album... TO VINYL!!!,3,2009-11-01 07:59:00,2009-08-06 23:19:55,2000.0,4,86,0,0.0
Stiletto Red's New EP,3,2014-07-12 01:24:01,2014-06-12 01:24:01,3500.0,19,30,0,0.0
Bucks County: the Movie,2,2011-04-12 17:34:45,2011-02-25 17:34:45,10000.0,0,46,0,0.0
LazerShirts! Not Just Another Shirt,5,2011-10-01 20:44:42,2011-09-01 20:44:42,7000.0,207,30,1,0.0
"Country Christian album titled ""I Believe""",3,2013-11-13 16:00:00,2013-10-28 16:41:11,5000.0,4,15,0,0.0
Wholesters- A new way to Whold your things!,9,2011-05-29 01:03:16,2011-04-29 01:03:16,1.0,3,30,1,0.0
Stamped,13,2016-01-22 15:36:49,2015-11-23 15:36:49,500.0,0,60,0,0.0
Ripple Analysis: Bringing Animation to Life,5,2014-05-15 18:00:00,2014-04-22 17:47:55,40000.0,4,23,0,0.0
Croc2Pop - Where kids manage dad's digital addiction,13,2014-08-20 21:25:58,2014-07-21 21:25:58,1000.0,0,30,0,0.0
Carolina's Hottest,2,2016-03-08 03:05:04,2016-01-08 03:05:04,500000.0,0,60,0,0.0
TULIPS,12,2014-12-19 05:00:00,2014-11-12 21:35:13,18000.0,167,36,1,0.0
Ignis Fatuus Comic Project,8,2014-04-11 18:05:26,2014-03-12 17:05:26,1000.0,1,30,0,0.0
HoodRatz,2,2012-06-26 06:00:00,2012-05-30 23:40:22,800.0,18,26,1,0.0
Kingdom: The Space Exploration RPG,7,2013-01-27 23:48:07,2012-11-28 23:48:07,6000.0,76,60,0,0.2263
Leonard Hodgins - Components,3,2015-05-22 22:00:52,2015-04-07 22:00:52,3500.0,2,45,0,0.0
DotPen : Redefines drawing and writing for smart devices,5,2014-08-09 21:17:10,2014-06-30 21:17:10,25000.0,647,40,0,0.4019
C R O S S T O W N - help us finish our feature film,2,2012-12-21 20:33:20,2012-11-06 20:33:20,12500.0,32,45,1,0.4019
Spicing it Up at Whipped & Beaten Culinary Works,4,2013-03-21 15:01:14,2013-02-19 16:02:28,2500.0,125,29,1,-0.4215
Grilling with Beer cookbook,1,2011-03-28 18:00:00,2011-01-27 04:47:46,28000.0,40,60,0,0.0
The Womanhood Short Film Fundraiser,2,2011-06-19 16:53:11,2011-05-15 16:53:11,500.0,25,35,1,0.0
Sunrise Diaries,11,2012-12-14 17:34:18,2012-11-14 17:34:18,5500.0,118,30,1,0.0
Me and my Tommy,1,2015-05-08 18:08:23,2015-03-09 17:08:23,25000.0,0,60,0,0.0
"First Solo exhibition in a recognised gallery, next step up!",11,2015-05-10 22:08:55,2015-04-01 22:08:55,10900.0,26,39,1,0.0
Bromotion,2,2012-08-10 17:00:00,2012-07-07 02:09:14,4000.0,12,34,0,0.0
FILM PROJECT: A HISTORY OF COMING OUT,2,2013-07-21 22:31:28,2013-06-21 22:31:28,20000.0,9,30,0,0.0
Off grid electricity (Canceled),5,2016-07-03 05:57:49,2016-05-29 05:57:49,15000.0,7,35,0,0.0
Savage Thunderscape!,7,2015-06-20 05:00:00,2015-05-17 17:49:01,7500.0,182,33,1,-0.5093
THE MC TYPE: BAD TATTOOS VOL. 3,3,2013-06-20 19:19:16,2013-05-21 19:19:16,1000.0,54,30,1,-0.6408
No Man Is An Island,2,2014-01-05 00:10:50,2013-11-21 00:10:50,25000.0,148,45,1,-0.296
Completion of the history of Kent,1,2013-11-24 13:50:55,2013-10-25 13:50:55,30000.0,1,30,0,0.0
Grandkids Record a Full-length Album!,3,2011-12-06 06:59:00,2011-11-05 22:21:10,7500.0,145,30,1,0.0
Borders,2,2016-04-08 01:00:00,2016-02-25 17:40:34,3500.0,2,42,0,0.0
FIREWATER,2,2012-04-11 04:00:00,2012-03-15 21:16:40,750.0,20,26,1,0.0
Annulus: Ring of Light,2,2012-03-12 12:57:50,2012-02-11 13:57:50,1000.0,6,29,0,0.0
Gospel Jazz Independant Artist - CD Project,3,2011-06-18 21:34:49,2011-05-19 21:34:49,7000.0,1,30,0,0.0
Ugly Cartoons (Poorly Drawn) for Miserable People!,8,2016-11-10 17:20:41,2016-10-11 17:20:41,5000.0,3,30,0,-0.7777
The Daisy Dare Project (Canceled),11,2011-12-10 00:49:23,2011-11-04 23:49:23,2000.0,0,35,0,0.0
Occupy the Left Forum Zine,15,2012-04-12 03:34:00,2012-03-13 01:45:25,1287.0,9,30,0,0.0
Last Man Standing - Card/board Game Survival,7,2016-10-24 18:13:25,2016-08-25 18:13:25,3500.0,1,60,0,0.0
DANCING CLASSROOMS GRVA 2013,14,2013-02-10 13:37:11,2013-01-11 13:37:11,6000.0,63,30,1,0.0
Daily Bread: Stories from Rural Greece,12,2015-03-19 18:45:23,2015-02-17 19:45:23,10000.0,61,29,1,0.0
Black Knight Brick Built BBQ Grill,4,2014-10-09 19:19:14,2014-08-25 19:19:14,15000.0,0,45,0,0.0
MKP - The Smart & Versatile Touch Screen Keyboard For All,13,2015-06-21 22:40:38,2015-04-22 22:40:38,1700000.0,4,60,0,0.4019
Boating with Clyde: Adventures on the Puget Sound,2,2011-03-06 03:50:44,2011-01-20 03:50:44,7500.0,116,45,1,0.34
Beyond the Victory recording their debut EP,3,2012-11-14 03:26:57,2012-09-25 03:26:57,800.0,14,50,1,0.0
THE LEAGUE OF HONOR,8,2012-10-23 07:09:47,2012-08-24 07:09:47,60000.0,6,60,0,0.4939
making more bringpacks,5,2014-09-15 06:00:00,2014-08-16 06:00:13,15000.0,23,29,0,0.0
Projecteo: The tiny Instagram projector.,5,2012-12-19 12:19:49,2012-11-14 12:19:49,18000.0,2789,35,1,0.0
Digital Aristocracy: A Commoner's Guide to Digital Riches,1,2012-05-29 19:17:25,2012-05-09 19:17:25,2000.0,0,20,0,0.5267
"Lazy Glamour: Eco-Underwear - soft, sustainable, and US-made",9,2014-04-17 22:28:18,2014-03-18 21:28:18,20000.0,21,30,0,0.2263
StoryBox - What will you make today?,11,2014-02-06 14:46:31,2014-01-07 14:46:31,3000.0,29,30,0,0.0
Cyberines #1,8,2014-11-16 04:00:00,2014-10-26 20:29:05,550.0,149,20,1,0.0
Poems For Apostates & tales of a young Scientologist,1,2014-05-31 17:47:00,2014-05-01 17:47:49,10000.0,2,29,0,0.0
Screening of Mr Turner,2,2015-03-15 11:00:00,2015-01-31 11:38:54,175.0,5,42,0,0.0
Senior Project Short Film: Home,2,2012-09-19 03:42:20,2012-08-15 03:42:20,3000.0,5,35,0,0.0
Treasure Trapped,2,2013-01-05 14:04:39,2012-12-06 14:04:39,5500.0,116,30,1,-0.296
Suburban Daze,2,2013-11-25 01:12:44,2013-10-26 01:12:44,25000.0,16,30,0,-0.1779
Flyover Farm,4,2012-05-07 08:36:41,2012-04-16 08:36:41,5500.0,133,21,1,0.0
Baby Names NOT to Name Your Newborn,1,2015-09-14 21:42:58,2015-08-05 21:42:58,3000.0,2,40,0,0.0
LAZER EDGE Series eBike - Starting at $499!,13,2016-04-22 23:50:06,2016-03-08 23:50:06,10000.0,27,45,1,0.0
American Dart Football - Where You can be the Quarterback!!,7,2012-07-01 14:46:48,2012-05-17 14:46:48,6055.0,0,45,0,0.0
InteliShake - Smart sports drinks bottle + built-in storage,5,2014-11-13 10:24:42,2014-10-13 10:24:42,20000.0,244,31,1,0.4019
Face-To-Face: Short Film (Canceled),2,2012-07-14 08:59:00,2012-06-27 02:33:00,600.0,1,17,0,0.0
Bailey the Golden Retriever Calendar,12,2014-12-11 17:13:00,2014-11-25 20:56:19,3000.0,27,15,0,0.0
Paintings and Portraits! (Custom paintings),11,2014-11-20 05:00:00,2014-11-07 01:31:39,350.0,2,13,0,0.0
The Spun Monkey Dyeworks and Lounge,11,2011-02-17 16:02:54,2011-01-18 16:02:54,4000.0,76,30,1,0.0
Lux3 ñ Wellness Lamp,5,2016-05-05 18:23:46,2016-03-21 17:23:46,150000.0,16,45,0,0.4404
The Living Puppets: Novel,1,2011-05-16 22:26:09,2011-04-16 22:26:09,200.0,0,30,0,0.3182
A Romantic Christmas,11,2012-12-09 19:09:00,2012-11-26 20:58:06,200.0,2,12,0,0.4019
"Yemanja Caribbean Restaurant, Bar, and Hostel",4,2012-09-21 18:29:37,2012-08-22 18:29:37,15000.0,160,30,1,0.0
Eucalyptus Wear - Environmental Clothing Company,9,2015-11-27 21:34:44,2015-10-28 20:34:44,1500.0,0,30,0,0.0
Jazz Funeral For Coney Island,11,2011-02-19 14:40:37,2011-01-20 14:40:37,3000.0,46,30,1,-0.3612
"Self Illusion's ""Best Friend/Worst Enemy"" EP",3,2012-01-02 06:59:00,2011-11-29 08:00:09,3000.0,4,33,0,0.1779
Blak.Woman.Dynamik-ReBoRn,10,2012-02-07 22:20:59,2011-12-24 22:20:59,6500.0,21,45,0,0.0
Cause Art Gallery,11,2014-07-16 01:27:06,2014-07-01 01:27:06,4000.0,0,15,0,0.0
"ThailandMike No.1, Portfolio, hiccup tour guide & Sketchbook",15,2016-05-17 05:55:00,2016-04-16 14:45:26,2500.0,27,30,1,0.0
Midwest Side Stories,3,2016-09-12 03:00:00,2016-08-10 16:47:26,20.0,152,32,1,0.0
Pentimento a documentary about Rene Gimpel,2,2011-01-20 05:50:06,2010-12-21 05:50:06,22000.0,0,30,0,0.0
Mike Moreno Group - Fall 2011 Release,3,2011-05-15 04:00:00,2011-04-08 15:56:53,8000.0,106,36,1,0.0
SANSIN_Band EP,3,2015-08-01 08:59:00,2015-07-02 01:51:05,400.0,0,30,0,0.0
Tales from Sheepland: from the imagination of a child,1,2014-09-09 00:54:00,2014-07-31 00:54:00,2000.0,51,40,1,0.0
The Kindness of Strangers,1,2014-09-15 20:40:19,2014-08-31 20:40:19,3021.0,5,15,0,0.4588
Smart Dive Buddy: Smartphone Dive Camera & Computer,13,2014-07-26 07:50:37,2014-06-26 07:50:37,15000.0,34,30,0,0.4019
iPhone Skin Made From Real Apple Wood,5,2012-06-28 16:48:45,2012-05-29 16:48:45,500.0,31,30,1,0.0
Unmasking Mental Health Photographic Project (Canceled),12,2013-05-16 01:00:00,2013-03-27 20:54:31,300.0,0,49,0,0.0
GoalZidia | Let's Reach Our Goals Together,13,2015-04-23 22:01:22,2015-03-19 21:01:22,18000.0,4,35,0,0.0258
Mongol Art World Tour _ Save The Art,11,2015-02-18 11:47:04,2015-01-19 11:47:04,25000.0,9,30,0,0.4939
My Darling June,2,2012-09-25 02:28:47,2012-09-05 02:28:47,600.0,1,20,0,0.5859
"Monster Mob, the fun card game for all the monster family.",7,2016-07-21 22:29:45,2016-06-21 22:29:45,5000.0,6,30,0,0.5106
Blacklivesmatter Series,11,2015-03-19 16:34:54,2015-02-17 17:34:54,1100.0,0,29,0,0.0
Sorensen Glass Studio,11,2015-09-11 05:01:00,2015-07-28 05:01:00,10000.0,32,45,1,0.0
FREE SUPERCOMPUTER,13,2014-11-11 08:44:00,2014-10-04 02:46:26,98000.0,1,38,0,0.5106
Kings & Astronauts Documentary,2,2012-08-06 02:14:25,2012-06-22 02:14:25,7500.0,21,45,0,0.0
"""MUSIC OVER FAME"" (NO DIVA DJS) T-Shirt",11,2016-03-18 17:55:29,2016-02-17 18:55:29,5000.0,4,29,0,0.5622
GLAMAZON: Publishing Campaign! (Canceled),1,2014-08-09 23:00:00,2014-06-10 23:15:37,16000.0,5,59,0,0.0
Êmp:dance / amiti perry + company,14,2011-05-30 05:59:00,2011-05-18 20:06:41,3500.0,30,11,1,0.0
Spiele f¸r iOS und Android / Games for Android and iOS,7,2015-06-24 17:12:38,2015-06-03 17:12:38,2000.0,1,21,0,0.0
Sci-Fi Janitors VS the Redbull Soapbox Race,2,2012-05-13 21:51:06,2012-05-03 21:51:06,2500.0,40,10,1,0.0
Redemption,3,2013-04-11 18:27:11,2013-03-12 17:27:11,2000.0,0,30,0,0.0
Course: Make a Stunning Fantasy RPG with GameMaker Studio,7,2016-08-13 00:01:11,2016-07-14 00:01:11,10200.0,1258,30,1,0.3818
Secret Behavior Magazine,1,2014-08-05 03:00:00,2014-07-14 22:22:21,16000.0,136,21,1,0.0
Michale Graves ìVagabond Acousticî Extremely Limited Edition,3,2013-05-27 01:54:34,2013-05-06 01:54:34,2500.0,240,21,1,-0.5256
Odyssey Skateboards Launch,5,2014-12-20 06:55:12,2014-11-20 06:55:12,700.0,5,30,0,0.0
PoolPooj,1,2015-09-03 17:38:06,2015-08-04 17:38:06,15000.0,0,30,0,0.0
A Dark Forest,8,2015-06-28 16:00:06,2015-05-14 16:00:06,200.0,89,45,1,0.0
Shoot For Thrill or Shoot To Kill? Political Sculpture,11,2015-04-01 06:59:00,2015-02-04 18:51:00,500.0,23,55,1,-0.7906
The Structure,11,2015-03-19 11:07:49,2015-02-17 12:07:49,1000.0,0,29,0,0.0
Money Shot,2,2013-09-18 05:15:51,2013-09-04 05:15:51,4000.0,60,14,1,0.0
Vagabond: The Search for My Homeless Father,2,2014-08-10 17:42:33,2014-07-11 17:42:33,5000.0,6,30,0,0.0
Earthreads...the Fabric of the Future,9,2016-05-01 07:00:00,2016-04-01 05:33:22,13500.0,54,30,0,0.0
NO! - A game of quick moves and stolen turns,7,2015-05-27 19:00:30,2015-04-27 19:00:30,10000.0,120,30,0,-0.5411
"Amateur Prose: A book of poetry, stories and original art.",11,2015-03-15 04:52:14,2015-02-13 05:52:14,2300.0,58,29,1,0.3182
Little Boy Wonder - A Short Film,2,2013-02-17 05:59:00,2013-02-01 23:13:39,3250.0,43,15,1,0.0
JUDGED...The Irreverent Party Game,7,2016-12-26 02:30:08,2016-11-26 02:30:08,22500.0,7,30,1,0.4019
Starting A Herb Garden,4,2014-11-22 01:30:31,2014-10-23 01:30:31,4500.0,0,30,0,0.0
PHANTOM-LIMBED: A Romantic Comedy,2,2012-09-15 09:38:37,2012-08-16 09:38:37,5000.0,40,30,1,0.6369
Defenders of the Realm: Minions,7,2013-08-27 07:00:00,2013-08-07 01:07:19,25000.0,622,20,1,0.0772
Matt Whistler The movie - Feature Film,2,2011-07-08 03:32:03,2011-06-08 03:32:03,5000.0,9,30,0,0.0
The Undoing Trilogy,2,2010-12-10 20:07:32,2010-10-11 20:07:32,50000.0,0,60,0,0.0
R.A.D. (Canceled),7,2015-12-21 19:38:19,2015-11-21 19:38:19,6000.0,4,30,0,0.0
Blakes Burgers,4,2015-04-29 19:30:52,2015-03-30 19:30:52,25000.0,0,30,0,0.0
Build a traditional tipi.,6,2014-09-03 22:42:31,2014-08-04 22:42:31,2750.0,1,30,0,0.0
The Legend of White Woman Creek,3,2014-07-16 19:58:41,2014-06-21 19:58:41,2500.0,96,25,1,0.0
To Develop A New Worlds Hottest Chilli.,4,2015-10-29 11:02:16,2015-09-29 12:02:16,900.0,4,29,0,0.0
Rock The Audition-In Concert/Sheri Sanders,10,2011-09-27 09:33:06,2011-09-02 09:33:06,5000.0,0,25,0,0.0
"""Fragile"" Stephanie Mathias' First EP!",3,2016-09-16 06:00:00,2016-08-15 14:20:16,3000.0,60,31,1,0.0
Second Scene Culture City Project,2,2012-09-30 15:28:11,2012-08-31 15:28:11,10000.0,13,30,0,0.0
Agrandissement de la brasserie,4,2016-04-08 21:23:43,2016-03-09 21:23:43,2300.0,32,30,1,0.0
Small Footprints (Canceled),11,2011-01-30 07:52:40,2010-12-31 07:52:40,7000.0,1,30,0,0.0
GO FAR: The Christopher Rush Story (2),2,2012-02-13 04:00:00,2012-01-21 05:51:28,5500.0,66,22,1,0.0
Esquilo: Simple IoT Development - WiFi + Web IDE + Cloud,13,2015-06-10 15:52:34,2015-05-11 15:52:34,10000.0,298,30,1,0.0
T-Bone & the Cherry Hogs,2,2012-12-16 01:05:14,2012-11-16 01:05:14,3000.0,0,30,0,0.0
Random Table Wiki,7,2015-04-09 16:30:31,2015-03-10 15:30:31,500.0,26,30,1,0.0
"Natural face, feet, and body scrubs",6,2016-01-18 01:01:55,2015-12-19 01:01:55,120.0,1,30,1,0.3612
LDS Home Teaching App (Visiting Teaching Too),13,2014-10-17 15:36:36,2014-09-02 15:36:36,45000.0,71,45,0,0.0
"Mother, I am going",2,2013-07-31 22:00:00,2013-07-02 13:20:39,3000.0,35,29,1,0.0
Fritz: A Robotic Puppet,13,2013-05-01 05:25:13,2013-04-01 05:25:13,25000.0,236,30,1,0.0
Casper & The Bad Spirits LP Funding,3,2014-12-16 05:21:00,2014-11-13 04:16:22,5000.0,59,33,1,-0.5423
New Abstract artist. If you love art this is for you!,11,2017-01-06 10:48:07,2016-12-02 10:48:07,10000.0,0,35,1,0.6696
Minecraft Hungergames,7,2014-12-20 16:27:14,2014-11-20 16:27:14,250.0,1,30,0,0.0
WORLD FAIR,2,2013-03-19 17:42:15,2013-02-07 18:42:15,13000.0,251,39,1,0.3182
Campbell Glassworks Co.,11,2015-09-13 23:04:18,2015-08-14 23:04:18,2500.0,12,30,0,0.0
Zen-Tek Aquaponics- runs on air,13,2015-09-13 04:01:00,2015-08-13 11:26:57,10000.0,6,30,0,0.0
"Your poem, by me.",1,2015-10-31 19:00:32,2015-10-01 20:00:32,1000.0,3,29,0,0.0
Burning Manc Festival,3,2016-11-26 00:00:00,2016-11-13 19:39:02,1800.0,85,12,1,0.4939
Lampenschirme und Objekte aus franzˆsischer Handarbeit,6,2016-12-31 20:39:18,2016-12-01 20:39:18,3500.0,0,30,1,0.0
THE WOODS,2,2010-11-22 03:48:43,2010-09-23 03:48:43,5000.0,0,60,0,0.0
A Better Morrissey Birthday Mix,3,2011-06-14 19:58:28,2011-05-15 19:58:28,500.0,0,30,0,0.4404
A Ride for Suicide 2015,2,2015-01-31 05:09:20,2014-12-02 05:09:20,12000.0,25,60,0,-0.6705
Suzanne Iris Mayer Solo Art Show (Canceled),11,2014-08-27 18:14:08,2014-06-28 18:14:08,2600.0,0,60,0,0.0
3mm Aluminum Pick Plectrum,3,2014-03-24 22:28:33,2014-02-22 23:28:33,1.0,9,29,1,0.0
Tara Normal,8,2013-11-05 03:58:48,2013-10-01 03:58:48,4000.0,226,35,1,0.0
Photoshop for illustrators and designers.,5,2013-10-18 19:24:11,2013-09-03 19:24:11,15000.0,16,45,0,0.0
"Profound Fatigue, produced by Flying Deer Theater (revised)",10,2011-06-11 06:16:29,2011-05-12 06:16:29,900.0,8,30,1,-0.25
Wizard Survival - Canceled Dec 1st 2015 (Canceled),7,2015-12-03 05:08:49,2015-11-05 05:08:49,12000.0,91,28,0,0.0
Turn your messy Arduino projects into a clean design for 2$,13,2016-02-08 18:48:28,2015-12-10 18:48:28,1000.0,88,60,1,0.0516
Painting an entire favela in Rio de Janeiro,11,2013-10-31 19:07:00,2013-09-24 07:44:13,100000.0,1711,37,1,0.0
OPEN The TANK,3,2016-02-28 21:00:00,2016-02-06 15:39:33,57000.0,694,22,1,0.0
Reed - Bringing Tablet Reading Up to Speed,5,2011-12-28 19:41:24,2011-11-28 19:41:24,5000.0,2,30,0,0.0
Flags of the world,11,2012-03-19 10:46:06,2012-01-29 11:46:06,4000.0,19,49,0,0.0
"Mover Kit: get kids moving, building & coding",5,2016-06-10 14:23:14,2016-05-11 14:23:14,50000.0,1822,30,1,0.0
The VolksDangler: Hack your pockets,5,2015-05-25 01:00:00,2015-04-25 15:42:26,14000.0,264,29,1,0.0
P-LINK : Guitar Pickup Interchange System,5,2016-09-30 04:00:00,2016-08-18 16:31:22,75000.0,89,42,0,0.0
The Book Of Bare Bones 2,11,2016-09-30 01:00:00,2016-08-04 21:00:09,1000.0,141,56,1,0.0
ProFitstick | Feel the Power,5,2016-07-31 01:00:00,2016-06-21 01:32:57,35000.0,40,39,0,0.0
the mailboxes forthcoming album!,3,2012-08-02 02:30:00,2012-07-03 22:03:15,2000.0,37,29,1,0.0
Rocket Ranger Reloaded,7,2014-12-18 01:01:38,2014-11-13 01:01:38,89999.0,942,35,1,0.0
Write my Estimate - have your estimate written anywhere!,13,2015-11-28 00:32:08,2015-09-29 00:32:08,10000.0,0,60,0,0.0
PortsCenter,2,2011-12-17 07:36:03,2011-10-18 07:36:03,7000.0,41,60,0,0.0
So You Like the Neighborhood,2,2016-06-02 22:36:28,2016-05-03 22:36:28,5000.0,65,30,1,0.4173
SparkLab: the educational build-mobile!,13,2012-03-24 05:00:00,2012-02-22 02:22:35,25000.0,426,31,1,0.0
Karma Gets A Face Lift!,2,2011-05-23 01:56:53,2011-04-23 01:56:53,1500.0,0,30,0,0.0
a restaurant going against the grain in colchester essex,4,2016-06-06 13:09:27,2016-05-07 13:09:27,10000.0,167,30,1,0.0
Bull & Dragon's Pop-Up Restaurant Project,4,2013-09-07 23:29:10,2013-07-29 23:29:10,34000.0,14,40,0,0.0
MAY THE TORQUE BE WITH YOU,5,2015-01-17 22:40:00,2014-12-19 17:24:22,1400.0,1,29,0,0.0
Stage one & Stage two Music theatre,3,2014-08-13 20:47:06,2014-07-14 20:47:06,300000.0,0,30,0,0.0
Phochron XA Film Camera Shutter Speed Tester,13,2016-11-17 22:40:38,2016-10-18 22:40:38,8500.0,135,30,1,0.0
Vivian the Dog Moves to Brooklyn,1,2016-07-07 13:30:59,2016-06-07 13:30:59,10080.0,545,30,1,0.0
Darkghost Assignments: The Book Brothers,1,2012-12-02 19:17:04,2012-11-12 19:17:04,1675.0,0,20,0,0.0
This Mick's Life,1,2014-08-09 07:15:44,2014-07-10 07:15:44,4399.0,62,30,1,0.0
Free soap from starting soap maker!,6,2014-08-19 07:38:32,2014-07-20 07:38:32,10.0,16,30,1,0.5562
Shattered & Restored,2,2016-07-25 19:43:36,2016-05-26 19:43:36,62700.0,7,60,0,-0.1779
Barry County Milk,4,2014-09-21 17:50:08,2014-08-12 17:50:08,500000.0,1,40,0,0.0
The Giant Communist,2,2011-07-18 19:58:14,2011-06-08 19:58:14,1000.0,1,40,0,0.0
Surf Right - A Documentary Inspired by Cold Water Surfers,2,2013-04-11 20:01:44,2013-03-12 19:02:25,100000.0,153,30,0,0.4939
Can You Survive: TREASURE ISLAND (Choose Your Path),1,2013-09-09 15:32:10,2013-08-19 15:32:10,500.0,18,21,1,0.4466
Talega Holiday: Annual Halloween Light Show!,11,2013-09-19 18:56:46,2013-08-30 18:56:46,1000.0,14,20,1,0.4574
Help me publish my picture (kids) books!,11,2012-10-03 21:28:41,2012-09-08 21:28:41,750.0,22,25,1,0.4574
Moon's Eye View - Save The World,2,2012-07-02 05:11:00,2012-06-21 15:56:27,5000.0,12,10,0,0.4939
Geek Seekers,2,2012-02-08 18:26:50,2012-01-19 18:26:50,5000.0,138,20,1,-0.2023
Quern - Undying Thoughts,7,2015-07-19 01:04:00,2015-06-04 01:04:00,20000.0,1372,45,1,0.0
Destroy All Slackers - An Animated Feature Film,2,2013-01-18 23:35:06,2012-12-19 23:35:06,75000.0,17,30,0,-0.5423
Sheet Musica Project (Canceled),3,2014-09-04 20:02:38,2014-08-05 20:02:38,2000.0,4,30,0,0.0
Seeker Aerial Video Drone,13,2014-11-20 15:54:41,2014-10-21 15:54:41,20000.0,10,30,0,0.0
Quikceipt! Paperless Solutions,13,2014-08-31 20:55:49,2014-08-01 20:55:49,150000.0,1,30,0,0.2481
Mini Army custom minifigures (Canceled),11,2016-06-11 02:00:00,2016-05-20 00:03:41,800.0,0,22,0,0.0
Splendid Entities: The Catalog Project,12,2010-08-20 03:47:00,2010-07-05 07:56:00,2500.0,47,45,1,0.5859
Champion of Children vol. 1: I'm Known as the Champ Fund,8,2012-05-31 20:37:36,2012-05-01 20:37:36,5000.0,79,30,0,0.7906
Dragonfly,11,2015-12-26 20:55:07,2015-11-26 20:55:07,49786.0,0,30,0,0.0
The Ale House String Band's Debut Album,3,2013-06-01 05:59:00,2013-05-01 02:06:04,3000.0,75,31,1,0.0
New Cornell Hurd Band CD...Great new songs you'll love!,3,2013-06-08 04:58:45,2013-05-09 04:58:45,8000.0,111,30,1,0.6696
DodecaheDRONE: An RPG of post-apocalyptic Robots & d12s,7,2012-06-06 07:00:34,2012-05-01 07:00:34,2400.0,83,36,1,0.0
Spycup turns your iPhone into a hidden camera (Canceled),13,2015-12-19 17:26:34,2015-11-19 17:26:34,5000.0,115,30,0,0.0
FOLLOW ME - HELP US GET BARNEY,2,2015-04-01 00:25:20,2015-03-02 00:25:20,3000.0,1,30,0,0.5319
Da-dome Roller Skating Rink of Brooklyn New York,10,2015-08-10 03:10:14,2015-07-11 03:10:14,300000.0,0,30,0,0.0
Tankwork: Cooperative Tank Action,7,2015-12-16 20:00:28,2015-11-16 20:00:28,10000.0,30,30,0,0.0
Winter in Mind EP Funding,3,2012-11-10 04:12:26,2012-10-11 04:12:26,2500.0,88,30,1,0.0
12 Day Commision Spree #1! Get some custom hand-drawn art!,11,2016-08-21 23:30:37,2016-08-09 23:30:37,444.0,3,12,0,0.0
"Charlene Kaye makes a new record - ""Animal Love""",3,2011-07-15 16:37:44,2011-06-15 16:37:44,20000.0,342,30,1,0.6369
Top Chefs Opening Shakewell Bar & Kitchen!,4,2013-08-22 18:18:09,2013-07-23 18:18:09,100000.0,443,30,1,0.2714
Fruity Sunset adorable objets d'arts with a fruit motif.,5,2016-09-04 15:12:26,2016-08-05 15:12:26,390.0,4,30,0,0.4939
The Lonely Himalayas,2,2014-03-06 03:43:40,2014-02-04 03:43:40,3000.0,60,30,1,-0.3612
Phrenic's Interactive Comic & Alternate Reality Game,8,2014-11-12 09:01:33,2014-10-13 09:01:33,15000.0,27,30,0,0.0
Carnival Arts Exhibit at Miami International Airport,11,2013-01-27 21:50:10,2012-12-28 21:50:10,5000.0,35,30,1,0.0
The Unassisted EP 'Revolution',3,2013-11-19 00:00:00,2013-09-20 00:21:51,750.0,20,59,1,0.0
WazUpio,3,2016-05-09 17:32:00,2016-04-15 18:27:43,1000.0,1,23,0,0.0
Choose Your Fate - The film that puts YOU in charge,2,2010-08-16 06:13:00,2010-05-25 15:49:22,3500.0,10,82,0,0.0
Lock It Jeans,9,2013-02-15 22:40:33,2012-12-27 22:40:33,20000.0,2,50,0,0.0
Dos Pueblos Tecnicos,10,2014-09-02 07:00:00,2014-08-23 02:09:32,500.0,6,10,1,0.0
GEEKHOLDER - Holds phone/tablet over laptop screen,5,2015-04-12 15:04:09,2015-02-21 15:04:09,12000.0,41,50,0,0.0
Maze Slime,7,2016-04-01 21:39:05,2016-02-01 21:39:05,300.0,2,60,0,0.0
"Local Edition Book, ""The Mortgage Game"". Print On Demand",1,2015-03-16 14:48:19,2015-02-14 15:48:19,50000.0,0,29,0,-0.128
Courant x Montero Hawaiian shirts (Canceled),9,2016-07-09 15:41:00,2016-06-13 16:39:05,5000.0,8,25,0,0.0
Bird's Eye View 1892 Map of Atlanta - 1000 Piece Puzzle,7,2016-09-15 05:00:00,2016-08-15 02:33:22,1000.0,126,31,1,0.0
The Prelude to the Conversation,3,2014-09-29 18:59:22,2014-08-25 18:59:22,2000.0,7,35,0,0.0
New Social Network,13,2014-11-15 00:10:16,2014-10-16 00:10:16,5000.0,0,30,0,0.0
Autopsy of a Dying Man,1,2016-12-09 11:10:29,2016-10-25 11:10:29,55000.0,0,45,1,0.0
Art Lovers Place,11,2015-02-20 00:43:29,2015-01-21 00:43:29,41000.0,0,30,0,0.5267
Bona Dea Gluten Free Goodness,4,2012-02-01 06:59:00,2011-12-22 18:43:31,8000.0,107,40,1,0.743
How I Got Beat-Up By The FBI When I Was Four Years Old,15,2014-12-19 16:58:47,2014-11-19 16:58:47,160.0,1,30,0,0.0
Pony Death Ride is making an album!,3,2012-09-01 01:10:00,2012-07-30 18:12:11,1200.0,35,32,1,-0.636
Help Kasper release his newest mixtape! (Canceled),3,2012-03-23 02:03:29,2012-02-22 03:03:29,2000.0,0,29,0,0.4574
Love Animals - Debut EP Project,3,2013-03-14 19:28:44,2013-02-12 20:28:44,1200.0,2,29,0,0.6369
The Unknown: Arizona,2,2016-04-13 21:00:00,2016-03-15 22:42:54,3500.0,1,28,0,0.0
Bridge of Sighs Short Film -- Part 2,2,2012-11-16 07:00:00,2012-11-08 19:55:58,1400.0,12,7,1,0.0
The Making of Ashley Kelley's Debut Album,3,2015-04-09 21:06:13,2015-03-10 20:06:13,3500.0,0,30,0,0.0
Legendary Steamboat Springs Band records an album-- after 30 years!,3,2010-08-01 21:47:00,2010-07-14 15:13:31,5500.0,14,18,0,0.0
REST STOP & RESTAURANT,4,2015-06-02 16:07:00,2015-05-05 03:55:30,150000.0,1,28,0,-0.4466
Maree v. State: Not Just A Documentary,2,2011-10-21 03:58:17,2011-09-21 03:58:17,10000.0,84,30,1,0.0
Girdy! A Webcomic,8,2016-05-31 18:50:54,2016-04-01 18:50:54,3000.0,3,60,0,0.0
Magic Tower,7,2015-10-14 23:33:37,2015-09-14 23:33:37,2500.0,1,30,0,0.0
Da Stooges in WipeOut by the Surfaris,2,2015-07-01 19:02:10,2015-05-17 19:02:10,15000.0,0,45,0,0.0
The Lobster Art Project,11,2013-12-08 13:11:01,2013-11-08 13:11:01,750.0,9,30,0,0.0
The Creative MiND Challenge (Canceled),2,2009-12-02 05:59:00,2009-10-28 22:07:31,4500.0,0,34,0,0.4939
Following Racine: The East Africa Safari Rally,1,2015-10-31 16:44:00,2015-10-06 22:50:06,4444.0,42,24,1,0.0
Sky Lounge: A Visual EP,2,2014-11-06 23:01:42,2014-09-07 23:01:42,5000.0,5,60,0,0.0
AcneDustô Organic Acne Treatment -Acne Dust Sleep Powder,9,2016-06-18 00:05:51,2016-05-04 00:05:51,45000.0,18,45,0,0.0
Butter Side Down Debut Album,3,2015-11-26 10:59:00,2015-11-02 22:09:19,6000.0,0,23,0,0.0
The Legendary Cobo,2,2012-08-06 00:06:19,2012-06-07 00:06:19,45000.0,150,60,0,0.0
Philip & Brittany Burton - NEW ALBUM - Nothing to Fear,3,2013-12-16 02:00:00,2013-11-14 21:34:56,1000.0,18,31,1,0.3875
Mason-ry Silicone Koozie,5,2014-08-08 16:48:16,2014-07-09 16:48:16,7500.0,660,30,1,0.0
Shirts for the East Idaho Aquarium,11,2013-12-20 03:51:07,2013-11-20 03:51:07,5000.0,10,30,0,0.0
New LP Release by The Shape Of The Earth,3,2011-09-08 06:14:01,2011-08-04 06:14:01,4500.0,66,35,1,0.0
RinseKit: The Revolutionary Portable Shower,13,2016-06-03 19:27:57,2016-05-04 19:27:57,30000.0,2412,30,1,0.0
Unusual Heroes (Canceled),7,2012-12-03 20:09:11,2012-11-03 19:09:11,70000.0,36,30,0,0.5106
Singularity,8,2015-07-16 00:17:10,2015-06-01 00:17:10,8500.0,14,45,0,0.0
TALUVA: DELUXE VERSION,7,2015-01-02 09:17:22,2014-12-03 09:17:22,15000.0,637,30,1,0.0
Wilmer Wilson IV Summer Art Residency at NLS,11,2013-05-28 12:09:00,2013-04-15 21:58:15,2750.0,62,42,1,0.0
Gladys Sings,1,2015-05-04 03:48:25,2015-03-05 03:48:25,4500.0,31,60,1,0.0
The 2012 Lake George Music Festival,3,2012-05-26 05:59:00,2012-04-12 19:13:44,1000.0,12,43,0,0.4939
Seeking Shelter Vol 3: Rescue Animals Ho!,8,2015-04-10 14:49:36,2015-03-11 13:49:36,50.0,20,30,1,0.5562
Boutique Disco Flash QuÈbec,3,2015-06-24 17:32:40,2015-04-29 17:32:40,425000.0,1,56,0,0.0
The Fail Safe Project's First Full Length Album,3,2012-11-11 01:10:04,2012-10-12 01:10:27,3500.0,84,29,1,-0.1531
Through Your Door - Feature Film Finishing Funds,2,2012-07-09 22:52:00,2012-06-07 01:55:57,5000.0,48,32,1,0.0
"Decorative Oxygen Tank Bags by AmariJade, Inc.",9,2014-02-27 08:59:00,2014-01-29 21:28:34,10000.0,8,28,0,0.0
fig Films Presents: Bear Down (Canceled),2,2013-03-04 21:45:00,2013-01-09 13:57:31,70000.0,25,54,0,0.0
Commit Suicide,1,2015-11-01 15:09:13,2015-10-02 15:09:13,100000.0,1,30,0,-0.5106
The Scarf Cuff,9,2014-04-06 20:13:49,2014-03-07 20:13:49,5000.0,5,30,0,0.0
Behold The Uprising EP,3,2013-03-12 03:15:53,2013-01-11 04:15:53,1500.0,14,59,0,0.0
We Did It For You! - a historical musical (Canceled),10,2011-10-21 04:04:05,2011-09-21 04:04:05,21500.0,3,30,0,0.0
JOHNNY STRANGE,8,2011-09-05 08:57:37,2011-06-07 08:57:37,9000.0,8,90,0,-0.2023
The Panini Company,4,2016-03-18 17:44:21,2016-02-17 18:44:21,275000.0,3,29,0,0.0
Legendary Warriors Productions,2,2016-02-26 23:45:03,2015-12-28 23:45:03,25000.0,1,60,0,0.0
"A Statue of the ""DOC"" to the U.S.Marines, The Corpsman!",11,2014-04-05 22:20:30,2014-03-06 22:20:30,117000.0,3,30,0,0.0
StageCoach Mary,2,2016-04-29 11:55:56,2016-03-30 11:55:56,30000.0,4,30,0,0.0
Knot App,13,2016-04-08 03:38:57,2016-03-09 03:38:57,4860.0,0,30,0,0.0
"PowerBark-""Meal on the Run for the Dog on the Go""",4,2014-06-13 23:03:53,2014-05-14 23:03:53,5000.0,25,30,0,0.0
Tenacious Exclusive Scott Tolleson Uncle Argh NOIR Mini Qee,5,2012-05-02 03:00:00,2012-03-08 00:41:11,7770.0,156,55,1,0.128
Centennial Armenian Genocide T-Shirt,9,2015-04-15 08:59:00,2015-03-14 00:41:29,6000.0,3,32,0,0.0
mini flashlights and fire starters,11,2016-02-26 22:12:08,2016-01-27 22:12:08,4500.0,3,30,0,-0.34
"""It's bigger on the inside""",5,2015-10-19 05:27:42,2015-09-19 05:27:42,35000.0,9,30,0,0.0
Lololi,11,2016-08-23 20:01:29,2016-07-24 20:01:29,6907.0,2,30,0,0.0
Jordon Bould Butcher Blocks,5,2016-02-13 02:40:06,2015-12-30 02:40:06,5000.0,44,45,1,-0.2263
WE ARE NOT ALONE,2,2010-10-17 20:36:22,2010-09-17 20:36:22,3000.0,7,30,0,0.1877
SOMASOL Vegan Balms Production Space (Canceled),6,2016-04-10 22:32:52,2016-03-11 22:32:52,2000.0,0,30,0,0.0
SoMo: The Mixtape,3,2012-07-19 05:59:00,2012-06-21 04:45:57,10000.0,30,28,0,0.0
The 2016 Living in Georgina Calendar (Canceled),1,2015-12-12 05:59:00,2015-11-24 16:09:45,2500.0,13,17,0,0.0
The Little Women Graphic Novel Project,8,2012-09-02 16:00:54,2012-08-03 16:00:54,6000.0,188,30,0,0.2585
Joy Ike is Recording Her 3rd Full-Length Album! Lets Do It!,3,2012-07-16 06:00:00,2012-06-06 08:00:33,10000.0,242,39,1,0.658
The Adults,2,2014-11-04 03:10:39,2014-10-06 03:10:39,4000.0,28,29,1,0.0
Bohemian Book Project,1,2011-06-18 17:24:46,2011-05-19 17:24:46,3000.0,41,30,1,0.0
The Viking Hood - Alive and Kicking!,9,2016-03-18 11:35:18,2016-02-17 12:35:18,20000.0,30,29,1,0.4389
A Tenor's Journey To The German Lands,3,2015-07-01 02:10:00,2015-05-07 09:01:19,1000.0,9,54,1,0.0
"Vanilley Bean Treats! For life's ""sweet"" moments!",4,2012-12-25 01:41:51,2012-11-20 01:41:51,1500.0,3,35,0,0.555
"Wheeling, Careening, and Wandering through the EMP",14,2014-04-11 10:05:06,2014-03-12 09:05:06,850.0,24,30,1,0.0
Fireball Newsflash Crosswords 2015-16,7,2015-04-04 20:00:00,2015-03-18 01:30:11,8450.0,369,17,0,0.0
Kung Fu Bellydance Masters ????????,2,2012-02-19 03:26:57,2012-01-20 03:26:57,10000.0,76,30,1,-0.7691
ONE WORLD - ONE YEAR,2,2014-08-14 07:07:57,2014-07-15 07:07:57,68000.0,4,30,0,0.0
Naturalia - Young Adult Book! Surprise for my girlfriend,1,2016-07-03 01:04:20,2016-06-03 01:04:20,5000.0,4,30,0,0.3382
Chop Sooey Charm Pins,11,2016-12-21 05:00:00,2016-11-20 18:13:11,520.0,8,30,1,0.4019
The Wheelhouse: A Farm to Table Restaurant in St Joseph IL,4,2016-09-15 16:57:46,2016-08-16 16:57:46,10000.0,43,30,1,0.0
Air.Air! ~ Portable Air Quality Detector,13,2013-10-20 15:26:16,2013-09-03 15:26:16,20000.0,292,47,1,0.0
Igneos: The Last Phoenix - Aerial Combat Adventure Game,7,2015-02-19 17:02:09,2015-01-15 17:02:09,40000.0,173,35,0,-0.0258
"Artlysium Presents ""The Broken World Project"" by Bryan Hill",11,2016-03-07 08:11:21,2016-02-06 08:11:21,11000.0,0,30,0,-0.4767
IronSaga,7,2016-08-15 18:34:26,2016-07-14 18:34:26,500.0,5,32,0,0.0
ONE,2,2014-10-12 08:00:00,2014-08-30 09:06:44,10000.0,8,42,0,0.0
Tableau Vivant of The Delirium Constructions - GLOBAL TOUR,11,2012-06-30 17:47:33,2012-05-31 17:47:33,100000.0,257,30,0,0.0
Seth's Pineapple Mango Salsa,4,2014-12-31 19:36:00,2014-11-27 01:10:44,5000.0,2,34,0,0.0
Day X,12,2016-12-20 01:00:00,2016-11-22 10:11:17,2000.0,20,27,1,0.0
I Can't Believe It's Not Potato Salad ! (Canceled),4,2014-08-10 13:35:05,2014-07-11 13:35:05,10.0,3,30,0,0.0
One Day at a Time: 365 Days of Photographs,12,2013-07-03 01:17:13,2013-06-03 01:17:13,10850.0,49,30,0,0.0
Free World Brand Clothing Co.,9,2014-10-24 07:34:48,2014-09-24 07:34:48,1500.0,0,30,0,0.5106
"""Planet Hell"" - Post-Apocalyptic Web Series",2,2014-07-02 01:23:20,2014-05-03 01:23:20,40000.0,1,60,0,-0.6808
Little Falcon Needs Your Help!,3,2012-04-24 19:22:09,2012-03-25 19:22:09,3000.0,12,30,0,0.4574
Customizable 3D Printed Miniatures,7,2015-06-19 17:30:49,2015-05-20 17:30:49,30000.0,59,30,0,0.0
Short Defender ©,7,2015-06-17 23:34:39,2015-05-18 23:34:39,250000.0,1,30,0,0.1027
"HEYA Toothbrush Holder...simple & clean, keep bacteria away!",5,2016-05-18 17:59:00,2016-04-21 10:28:36,2000.0,5,27,0,0.4574
Imminent,2,2011-10-02 06:46:25,2011-09-02 06:46:25,5000.0,47,30,1,0.0
She Had Love On Her Tongue & Death In Her Eye,1,2015-09-25 21:07:39,2015-08-26 21:07:39,8994.0,49,30,0,0.0772
Pocket Parking Meter,13,2015-02-26 17:46:11,2015-02-11 17:46:11,4000.0,3,15,0,0.0
Mechabrick - A Minifig/Mecha board game and models,7,2013-11-13 21:22:35,2013-10-14 21:22:35,13000.0,301,30,1,0.0
Pollock líacchiappa-panzane,15,2015-08-01 00:00:00,2015-06-30 08:04:34,10000.0,228,31,1,0.0
Unconditional Hope - A Survivors Story.,2,2012-12-29 02:00:00,2012-11-26 21:14:51,40000.0,411,32,1,0.4404
Finishing The Amish Appeal,1,2012-02-28 17:08:00,2012-02-18 17:08:00,3500.0,8,10,0,0.0
Gamerline Clothing (Starter Business need your help!!),5,2016-06-13 01:09:48,2016-04-14 01:09:48,1000.0,0,60,0,0.508
Fake Logo is Making Real Music (Canceled),3,2013-08-12 07:05:07,2013-07-10 07:05:07,1000.0,0,33,0,-0.4767
Sports And The City,2,2012-09-01 08:59:00,2012-08-13 20:00:27,10000.0,38,18,0,0.0
Vyu360ô 4K ProCam,13,2016-11-15 20:50:00,2016-10-13 22:24:27,9000.0,164,32,1,0.0
Sinners III Supernatural/Horror Comic - Night at the Motel,8,2016-12-07 00:34:00,2016-11-04 00:42:13,1200.0,83,32,1,0.0
EZ Master: Double Boiler Attachment for Stand Mixer,5,2012-07-09 18:00:00,2012-05-11 01:49:38,100000.0,40,59,0,0.6633
"Shakespeare!! To fund or not to fund, that is the Question?",10,2015-04-11 21:22:39,2015-03-12 20:22:39,250.0,8,30,1,0.0
The Monkey's Other Paw,1,2012-09-23 02:14:08,2012-08-24 02:14:08,2200.0,7,30,0,0.0
Charlie vs Goliath,2,2016-09-02 02:00:00,2016-08-03 21:54:32,40000.0,267,29,1,0.0
Wireless Touchpad for Console Gaming Controllers (Canceled),13,2014-08-14 18:13:57,2014-07-12 18:13:57,100000.0,3,33,0,0.0
"New Madysin Hatter EP, To Be Titled ""Pretty Little Fool""",3,2010-12-01 21:00:00,2010-09-21 01:30:38,1800.0,30,71,1,0.1513
Release The Black Heart Album.,3,2015-07-16 14:26:40,2015-06-16 14:26:40,10000.0,5,30,0,0.6369
Chase Goehring debut EP,3,2016-03-21 06:00:00,2016-02-23 03:09:49,3000.0,0,27,0,0.0
Bad Day Blues...,3,2016-09-12 23:00:20,2016-08-13 23:00:20,3000.0,2,30,0,-0.5423
Pappino - Dein Foto auf einem recyceltem Kartonrahmen,5,2015-05-27 10:00:00,2015-05-12 10:05:08,2500.0,15,14,0,0.0
"""The Coach"" The Life and Times of Shawn Tompkins",2,2011-10-26 03:20:34,2011-09-11 03:20:34,45000.0,1,45,0,0.0
Life Online,2,2012-05-06 18:00:00,2012-04-06 17:22:29,300000.0,1,30,0,0.0
The Promise - Tempus Films,2,2015-03-27 21:23:15,2015-02-25 22:23:15,1000.0,21,29,1,0.3182
Kingdom: The Angelic War Card Game,7,2014-02-21 17:01:03,2014-01-07 17:01:03,27000.0,603,45,1,-0.5994
April Alayne Studio.,11,2016-06-02 08:59:00,2016-05-01 18:21:06,15000.0,249,31,1,0.0
ULTRA WAY COOL TEACHING PUPPETS,11,2015-12-10 14:03:00,2015-11-10 16:47:42,2000.0,30,29,1,0.3182
Chain Mail Creations,6,2014-11-16 15:47:44,2014-10-17 15:47:44,750.0,6,30,0,0.3818
3D Film - The Perfect Divorce,2,2013-10-30 20:21:00,2013-10-04 20:47:45,4000.0,1,25,0,0.5719
An Above Average Grilled Cheese,4,2014-08-09 05:18:38,2014-07-10 05:18:38,20.0,0,30,0,0.0
Supplicant - The Age of Dissidence,1,2014-09-01 06:15:04,2014-08-02 06:15:04,3000.0,1,30,0,0.0
Diarios de Viaje: PelÌcula,2,2016-03-12 15:26:01,2016-02-11 15:26:01,1115.0,2,30,0,0.0
Sandia Creek Sustainable Farms & Community Support Project,4,2016-06-11 05:42:53,2016-05-12 05:42:53,175000.0,4,30,0,0.4019
AlÈ Garza's H.A.R.D.CORE!!!,8,2011-11-01 11:11:11,2011-10-02 12:11:11,25000.0,0,29,0,0.0
Kind Minds & Wise Souls... Launch Our Next Collection!!!,9,2013-09-25 19:45:52,2013-08-26 19:45:52,20000.0,4,30,0,0.8114
Bring the Seattle Geekly podcast back!,1,2013-09-13 19:28:12,2013-08-14 19:28:12,3000.0,76,30,1,0.0
Galactic Princess,7,2014-03-16 20:00:46,2014-02-14 21:00:46,20000.0,2108,29,1,0.0
La Feria Concreta: A Documentary Film Installation,2,2014-05-05 21:15:53,2014-04-05 21:15:53,10000.0,91,30,1,0.0
Debut Original Album by Mindy Stratton,3,2015-02-15 06:59:00,2015-01-09 21:29:00,5000.0,24,36,1,0.3182
Night_Rider,2,2014-06-28 01:04:15,2014-06-23 01:04:15,600.0,2,5,0,0.0
Xybears The Last Heroes,2,2014-12-10 20:43:46,2014-10-11 20:43:46,1000000.0,1,60,0,0.5106
ARCHIVE The WarHood Odyssey,8,2016-03-31 14:39:40,2016-03-01 14:39:40,1000.0,36,30,1,0.0
VAUDEZILLA! Chicago Burlesque Coloring Book by Matt Hansel,11,2015-01-30 19:29:31,2014-12-31 19:29:31,600.0,37,30,1,0.0
Homestyle: Video Installation at Delicious Spectacle,11,2014-04-11 06:00:00,2014-04-02 19:38:26,700.0,11,8,1,0.5719
4 Color Press for 5th Street Garment Company,9,2013-10-11 22:51:41,2013-09-11 22:51:41,800.0,0,30,0,0.0
Maltese Brewing Company,4,2015-03-01 02:23:13,2015-01-30 02:23:13,10000.0,53,30,1,0.0
Hollow,7,2013-11-14 22:08:20,2013-10-15 22:08:20,60.0,24,30,1,0.0
The Perfect Plan,2,2016-02-13 23:24:57,2016-01-14 23:24:57,3000.0,0,30,0,0.5719
Dionysius Games - Indy Games for everyone.,7,2012-04-23 00:12:00,2012-03-23 23:12:00,450.0,25,30,1,0.0
Desktop CNC Compact Mill & Drill (Canceled),13,2015-05-10 20:19:15,2015-04-10 20:19:15,65000.0,3,30,0,0.0
EZ-CARSEAT making child car seats EZ (Canceled),13,2016-06-30 20:00:00,2016-05-25 21:13:03,60000.0,21,35,0,0.4995
Music Production,3,2016-03-13 11:37:08,2016-02-12 12:37:08,1000.0,0,29,0,0.0
Markus Mann Music - CD production and Tour,3,2011-11-04 17:00:00,2011-10-05 17:09:41,12000.0,5,29,0,0.0
Tropical Bat Houses,5,2013-03-04 00:06:34,2013-02-02 00:06:34,2000.0,56,30,1,0.0
Wade in the Water Gallery,12,2014-06-30 18:45:00,2014-06-03 04:43:20,2000.0,2,27,0,0.0
Woodland Banners Poetry Walk,11,2015-07-30 00:01:21,2015-06-30 00:01:21,1400.0,43,30,1,0.0
No Soul To Take's 2nd EP Record,3,2012-02-13 04:00:00,2012-01-04 10:18:33,600.0,0,39,0,-0.296
"""Home is Where The Jug Is"" Decal, T-shirt, Trophy & Tailgate",5,2013-09-20 18:40:00,2013-09-06 23:24:16,4040.0,70,13,1,0.0
Battle for Orion 2,7,2016-09-01 12:22:47,2016-08-02 12:22:47,5000.0,5,30,0,-0.3818
Pretty the Ugly at AWP,1,2014-01-20 22:00:00,2014-01-14 03:40:04,800.0,7,6,0,-0.0258
HOMEBOUND the film...Transforming the image of Latinos.,2,2011-01-29 07:38:10,2010-12-29 07:38:10,150000.0,135,31,0,0.0
Nepenthe: A Short Film,2,2015-02-21 02:36:00,2015-01-21 16:30:13,550.0,12,30,1,0.0
"""Jesus and the Homeless Woman"" From clay to Bronze",11,2012-04-09 19:45:38,2012-02-29 19:45:38,16000.0,8,40,0,0.0
English for Immigrant Children - English as a 2nd Language,1,2014-12-11 02:00:00,2014-11-08 01:03:22,24000.0,6,33,0,0.0
Audio the Heroin-Chic Cyber-Doll,3,2013-09-28 18:50:27,2013-08-19 18:50:27,7500.0,2,40,0,0.0
Self Produce My Debut Album,3,2013-05-10 21:17:54,2013-03-11 20:17:54,400.0,1,60,0,0.0
The Bizarre Case of the Globular Gullet,2,2015-11-10 23:42:00,2015-10-10 04:29:19,400000.0,17,31,0,-0.3182
Earth Wall II - Rammed Earth Sculpture,11,2011-04-28 20:34:35,2011-03-28 20:34:35,3500.0,63,31,1,0.0
Two Boys and a Bow Tie Tour,3,2012-04-29 09:03:59,2012-03-30 09:03:59,2200.0,59,30,1,0.0
"""Inches"" - A Short Film",2,2013-05-06 20:11:01,2013-04-06 20:11:01,1500.0,14,30,0,0.0
TeslaTronix- Tesla Power For The Masses,13,2013-03-07 01:27:47,2013-02-05 01:27:47,2500.0,463,30,1,0.0
Lightbook (Canceled),13,2015-07-27 22:37:30,2015-06-22 22:37:30,80000.0,0,35,0,0.0
INSPIRE X SOUND,2,2014-11-07 23:09:33,2014-10-08 23:09:33,2000.0,59,30,1,0.5719
Pastor Damien Season One,2,2013-11-03 15:38:17,2013-10-04 15:38:17,20000.0,3,30,0,0.0
Speculative Relationships: A Sci-fi Romance Comics Anthology,8,2014-06-05 01:10:28,2014-05-06 01:10:28,9000.0,516,30,1,0.6124
Veteran Art by David Geig,11,2016-04-01 16:22:26,2016-03-02 16:22:26,2000.0,2,30,0,0.0
Note to Self,11,2013-06-27 16:20:39,2013-05-28 16:20:39,900.0,2,30,0,0.0
Orillia Summer Theatre 2016,10,2016-03-31 18:00:00,2016-02-21 21:24:11,1100.0,17,38,1,0.0
Maria Sweet sings!,3,2012-08-27 18:00:00,2012-08-09 21:21:55,1000.0,4,17,0,0.5093
"Pretty Girls, The movie (Canceled)",2,2013-05-09 03:21:32,2013-03-25 02:21:32,125000.0,10,45,0,0.4939
AJ'S HANDMADE STYLES,6,2015-10-28 16:47:53,2015-09-28 17:47:53,200.0,0,29,0,0.0
Kickstart My Art,11,2014-08-30 21:37:43,2014-07-31 21:37:43,100.0,3,30,0,0.0
Spencer Capier Instrumental Project 2015,3,2014-10-10 22:51:01,2014-09-10 22:51:01,4000.0,0,30,0,0.0
John Lennon Give Peace A Chance Book,1,2014-02-23 18:31:49,2014-01-24 18:31:49,10000.0,24,30,0,0.6705
Jessica's Jewelry,9,2015-05-22 09:18:19,2015-04-22 09:18:19,300.0,0,30,0,0.0
The Creative Community,12,2010-08-15 05:59:00,2010-06-14 21:52:21,3500.0,26,61,0,0.4404
Green Light Radio broadcasts the Arise Festival 2014,1,2014-06-26 21:00:00,2014-04-28 20:25:22,500.0,1,59,0,0.4939
Poetry Isn't Safe: a new Best Reading Ever Film,2,2014-01-02 05:59:00,2013-11-26 19:20:04,4000.0,13,36,0,0.4203
"1 Man, 10 Days, 100+ Canvases",11,2012-11-09 10:13:37,2012-10-05 10:13:37,10000.0,1,35,0,0.0
(BT) Block Tower,7,2014-09-01 23:17:07,2014-07-03 23:17:07,2000.0,0,60,0,-0.4404
Versa-Tool,5,2013-09-18 09:31:49,2013-08-14 09:31:49,2000.0,215,35,1,0.0
DreamAfrica,2,2014-02-14 23:43:20,2014-01-15 23:43:20,50000.0,7,30,0,0.0
A R&B Project in need of pledges (Canceled),3,2011-10-21 19:21:32,2011-09-21 19:21:32,15000.0,0,30,0,0.0
Imagine You Could Build Anything,5,2016-09-29 21:16:00,2016-08-30 21:16:00,30000.0,0,30,0,0.0
Dayz To Come + You = New Worship Project,3,2014-04-21 18:12:45,2014-03-12 17:12:45,1000.0,4,40,0,0.296
New York Travel & Sightseeing for All - A Video Blog,2,2014-10-12 16:11:00,2014-09-16 19:36:16,6000.0,0,25,0,0.0
The MagPi Magazine - From Virtual to Reality,15,2012-12-31 20:01:04,2012-11-29 20:01:04,6000.0,616,32,1,0.0
"Loquat ""We Could Be Arsonists"" Short Film/Music Video",2,2012-11-17 20:06:57,2012-10-18 20:06:57,2000.0,74,30,1,0.0
LUKAS LIGETI'S 50TH BIRTHDAY FESTIVAL: ORIGINAL NEW MUSIC!,3,2015-06-11 04:00:00,2015-05-15 02:12:35,5000.0,0,27,0,0.6996
Unique Collage's,12,2015-03-12 22:54:55,2015-02-10 23:54:55,5000.0,0,29,0,0.0
Coreyís Coffee Bar,4,2013-02-22 20:31:25,2013-01-23 20:31:25,6000.0,1,30,0,0.0
Inhale Sunrises.,13,2015-04-14 07:00:00,2015-04-08 02:47:05,250000.0,0,6,0,0.0
Ghetto Love written by Weedie,1,2015-09-29 19:06:23,2015-09-09 19:06:23,8000.0,0,20,0,0.6369
"Ping 2: Attack of the Spheres / Wii U, PS3, Steam",7,2013-11-18 00:02:18,2013-10-19 00:02:18,20000.0,64,30,0,-0.4767
Loud Bicycle: Car horn for your bike,5,2013-01-13 06:00:00,2012-12-07 00:29:00,43000.0,600,37,1,0.0
VINCE DURDEN: World's Most Eco-Friendly Backpack,9,2016-11-11 20:17:59,2016-10-12 20:17:59,2000.0,77,30,1,0.0
2000 Miles,2,2014-06-17 06:59:00,2014-05-29 23:34:45,5000.0,0,18,0,0.0
Black Mint Playing Cards,7,2016-03-02 17:42:32,2016-02-01 17:42:32,10000.0,2140,30,1,0.2023
The Holiday Experience 2014 - A Jazzy Christmas Celebration,3,2014-11-14 22:00:00,2014-10-29 23:32:34,5000.0,43,15,1,0.4019
Renwick Ally Album by Ryan Angell aka Andrew Juco,3,2015-09-05 02:29:13,2015-08-06 02:29:13,10000.0,0,30,0,0.0
The Amphibious Red Couch,11,2012-05-26 07:43:26,2012-05-18 07:43:26,250.0,18,8,1,0.0
Rabbitwild - A Shelter in the Wilderness,1,2014-08-31 17:01:00,2014-07-24 15:25:19,5000.0,1,38,0,0.0
Leah Stein Dance Company 10th Anniversary Concert,14,2012-03-21 12:38:05,2012-02-20 13:38:05,5000.0,97,29,1,0.0
Parthia Saffron - To your door one thread @ a time!,4,2014-08-07 20:30:32,2014-07-16 20:30:32,4000.0,6,22,0,0.0
Upcycled planters,6,2015-03-21 18:31:06,2015-02-19 19:31:06,2000.0,0,29,0,0.0
The Battle For Breukelen: A Neighborhood Epic,2,2015-11-07 08:59:00,2015-10-10 18:45:24,6000.0,0,27,0,-0.3818
Epic Backpacking Dynasty: The Global Millennial Revolution,15,2014-08-17 01:05:47,2014-07-18 01:05:47,110000.0,0,30,0,0.0
The Ainsley Band Uk Tour,3,2014-03-17 00:00:00,2014-02-14 20:33:38,250.0,21,30,1,0.0
Fantuckfastic Onesies,11,2015-12-18 11:38:54,2015-11-18 11:38:54,600.0,2,30,0,0.0
"""Tamboura Plays Violin"" - a collection of Pop & classical!",3,2015-03-28 18:28:27,2015-02-11 19:28:27,2750.0,0,44,0,0.3164
iWISH: Sigil Magic,11,2013-01-07 05:59:00,2012-12-17 18:17:42,3000.0,39,20,0,0.0
Mars Transit game by Funspace Circle of Friends & Bo Regard,7,2015-11-12 14:35:00,2015-10-06 19:16:06,28000.0,14,36,0,0.4767
"Orbs CCG, the asynchronous digital collectible card game!",7,2013-08-24 07:00:00,2013-07-17 06:19:10,40000.0,74,38,0,0.0
"""Sawyer The Dinosaur"" Children's Book",1,2013-12-22 01:18:41,2013-11-22 01:18:41,1000.0,2,30,0,0.0
"The Magician's Cat, Print edition of the eBook!",1,2014-05-07 18:11:47,2014-04-17 18:11:47,4500.0,111,20,1,0.0
Rustic Reclaimed Furniture 100% hand made,6,2015-12-03 02:50:36,2015-11-03 02:50:36,10000.0,0,30,0,0.4939
League of Legends Cosplay,6,2014-08-25 05:59:00,2014-07-09 15:22:54,500.0,0,46,0,0.0
Animal Playing Cards,7,2016-03-04 01:14:40,2016-02-03 01:14:40,2800.0,5,30,0,0.2023
Entertain Us - The Photobook by Lois Golding,12,2015-05-23 19:11:25,2015-04-23 19:11:25,1500.0,60,30,1,0.3182
"Seeing Swiss: Pictures, People, and a World of Engineering",12,2014-12-18 02:06:46,2014-11-18 02:06:46,700.0,14,30,1,0.0
Love. Guts. High School.,10,2012-04-16 00:00:00,2012-03-13 03:46:00,2500.0,71,33,1,0.6369
CAFE GANGSTER,2,2014-09-24 12:13:43,2014-08-25 12:13:43,15000.0,17,30,0,0.0
Rivers Monroe Fall Tour 2016,3,2016-10-24 05:59:00,2016-10-10 03:20:18,25.0,20,14,1,0.0
Nightingale Noel - An A Cappella Holiday CD,3,2015-12-11 21:02:55,2015-11-11 21:02:55,1200.0,0,30,0,0.4019
Golf Alpha Yankee: An LGBT Human Rights Documentary,2,2014-08-18 05:00:00,2014-06-29 08:42:27,30000.0,439,49,1,0.0
Colombian art gallery in LA: The Magic Realism strikes back!,11,2014-10-04 23:03:31,2014-09-04 23:03:31,25000.0,69,30,0,-0.4199
Can't Turn Back Now,3,2015-05-04 01:35:25,2015-04-04 01:35:25,650.0,2,30,0,0.0
Ten Animal Masks in 10 Weeks,11,2010-05-29 02:00:00,2010-02-28 01:17:03,2000.0,13,90,0,0.0
A Dancer Descended Mount Kenya - A Memoir,1,2014-12-15 04:03:33,2014-11-15 04:03:33,11678.0,23,30,0,0.0
Streetest Miami - Support Our New Sports Apparel Line,9,2016-09-09 06:00:00,2016-08-02 02:12:49,9500.0,0,38,0,0.4019
Press Start Bar,4,2014-06-02 15:18:04,2014-05-03 15:18:04,50000.0,81,30,0,0.0
Zombme,7,2015-06-11 19:03:39,2015-06-10 19:03:39,5000.0,1,1,0,0.0
T-Shirt Design Startup,5,2015-10-17 01:02:42,2015-09-17 01:02:42,4000.0,1,30,0,0.0
Faceless Neil,2,2013-01-14 19:22:40,2012-12-05 19:22:40,6500.0,116,40,1,0.0
StarBird lands on Earth with the debut album There's No Time,3,2014-06-06 09:00:00,2014-05-05 03:34:17,5000.0,66,32,1,-0.296
Downtown Murals,11,2016-10-01 07:59:00,2016-09-07 21:25:12,7500.0,99,23,1,0.0
Zombie USB Keychain (Zed 1.0),13,2012-07-26 01:16:25,2012-06-26 01:16:25,5000.0,172,30,1,0.0
Skullgarden Linocut Print Project,11,2013-12-01 22:00:00,2013-11-01 20:30:28,500.0,84,30,1,0.0
Soundtrack: The Story of the DJ,2,2014-02-12 10:32:11,2014-01-13 10:32:11,105000.0,193,30,0,0.0
Give in to Sweet Surrender,4,2015-02-18 02:28:05,2015-01-19 02:28:05,5000.0,1,30,0,0.4588
The Alaina Blair CD-Tour Project,3,2013-03-01 06:00:00,2013-02-07 08:03:33,10000.0,1,21,0,0.0
Cemetery Angels - A Photographic Book,12,2015-11-25 19:49:36,2015-10-26 18:49:36,3000.0,1,30,0,0.0
Sledge Leather's reply to(insert large-ass metal label here),3,2012-12-18 08:17:00,2012-11-09 20:24:17,10667.0,30,38,0,0.0
KENSAKU SHINOHARA : AT MANA TO SPRING 2014,11,2014-01-12 06:58:42,2013-12-13 06:58:42,1000.0,51,30,1,0.0
Help me exhibit at an art show by Geordanna the Artist,11,2015-10-22 00:00:00,2015-10-05 21:25:08,1300.0,4,16,1,0.4019
ExoSkeleton Assault Squad and Hura Technocracy - 15mm Sci-Fi,7,2014-08-01 05:01:42,2014-07-02 05:01:42,1750.0,93,30,1,-0.5859
MoAR - An Online Multiplayer Fighting Game,7,2013-04-01 07:27:00,2013-03-07 13:16:47,75000.0,53,24,0,-0.3612
Esperanza: A Gang Intervention (Photo Documentary),12,2016-05-06 18:02:59,2016-04-06 18:02:59,6000.0,127,30,1,0.0
Jakten pÂ makten - Br‰dspelet om svensk politik - 2016,7,2016-07-19 10:23:56,2016-06-19 10:23:56,50000.0,26,30,0,0.0
How To Create A Liberal America,1,2012-08-31 13:55:23,2012-08-01 13:55:23,30000.0,161,30,0,0.2732
"Cooking With Fire, The Disaster Cookbook",1,2013-03-07 20:16:38,2013-01-28 20:16:38,1500.0,42,38,1,-0.7579
Paragon - Short Film (Canceled),2,2010-07-31 05:00:00,2010-06-12 02:19:25,10000.0,0,49,0,0.0
"""Violet Tendencies"" (starring Mindy Cohn) on DVD",2,2010-12-17 06:00:00,2010-11-30 07:10:40,10000.0,106,16,1,0.0
Disgruntled Decks: The Original Card Game For Veterans.,7,2016-03-03 12:39:32,2016-02-02 12:39:32,15000.0,3527,30,1,0.3182
We Come From The Sea - An Ambitious Short Film,2,2011-01-26 21:00:00,2010-12-24 22:56:53,20000.0,26,32,0,0.4767
Elemental - and the burning city,8,2014-07-27 12:39:23,2014-05-28 12:39:23,1500.0,27,60,1,0.0
Sol McNally Photography,12,2015-10-17 23:28:55,2015-09-17 23:28:55,2000.0,2,30,0,0.0
45 LED Packlight - Lets You Bend Light Where You Need It,5,2011-09-24 18:03:52,2011-07-26 18:03:52,7000.0,530,60,1,0.0
FlowPaw : Learn computer coding by building your own gizmos,13,2014-11-20 23:33:24,2014-10-21 23:33:24,19500.0,145,30,1,0.0
On Home Ground,2,2014-10-25 17:16:53,2014-09-24 17:16:53,10000.0,27,31,0,0.0
Pixel Press: Draw Your Own Video Game,7,2013-06-14 06:59:00,2013-05-07 06:56:52,100000.0,2256,38,1,0.0
"Sexy Action Accounting Myths, a short film",2,2014-12-12 16:55:07,2014-11-13 16:55:07,1450.0,42,29,1,0.5267
Poetry Will Never Be The Same,1,2013-02-23 09:51:16,2013-01-24 09:51:16,3000.0,35,30,0,0.0
Ion: A Music Detecting Mood Light with Bluetooth Low Energy,13,2014-05-01 17:55:29,2014-04-01 17:55:29,20000.0,405,30,1,0.0
Bringing Patrizi's Back: A family food truck experience,4,2013-03-02 18:06:17,2013-01-25 18:06:17,30000.0,117,36,1,0.0
Musical Help for Trouble with Numbers (one of many),3,2016-02-19 20:00:00,2016-02-18 04:29:22,500.0,0,1,0,0.0
Fused By Defiance Album 2015,3,2015-02-19 08:59:00,2015-01-19 10:49:52,500.0,17,30,1,0.0
Rolling : a real journey (Canceled),2,2011-03-03 15:53:11,2011-01-12 15:53:11,160000.0,1,50,0,0.0
Go Mobile Drool Central,4,2016-04-02 09:59:00,2016-03-03 09:59:00,25000.0,16,30,0,0.0
Awfully Sudden-The Album,3,2012-12-01 22:08:44,2012-11-01 21:08:44,2500.0,57,30,1,0.0
BEYOND PARALLEL: Print Edition Run for coming-of-age novel,1,2013-07-11 14:49:03,2013-06-11 14:49:03,2743.0,49,30,0,0.3182
The 'i don't want to apply for x-factor' Music Project,3,2015-07-01 12:11:21,2015-06-01 12:11:21,6500.0,30,30,0,-0.0572
Off the beaten track,12,2015-04-21 00:35:01,2015-03-07 00:35:01,60000.0,1,45,0,-0.4215
LOVERS LOST - Feature Film,2,2014-05-31 23:13:08,2014-05-01 23:13:08,10000.0,122,30,1,0.2732
Coon's Age Volume One,8,2015-02-19 19:59:55,2015-01-19 19:59:55,3000.0,6,31,0,0.0
Let Us Make Man (Canceled),2,2011-11-21 07:59:00,2011-10-13 08:34:12,3000.0,2,38,0,0.0
Might As Well Live: Dorothy Parker Does Hollywood Fringe,10,2015-06-03 08:59:00,2015-05-02 23:00:01,3000.0,56,31,1,0.2732
Traditional Astrophotography: A window to Cygnus,12,2012-03-25 05:52:32,2012-02-09 05:52:32,2000.0,43,45,1,0.0
Hole in the Wall - Hector Records His Debut Studio Album!,3,2014-08-10 17:05:56,2014-07-11 17:05:56,1000.0,20,30,1,0.0
Lighten Up,3,2016-03-13 02:30:46,2016-02-12 02:30:46,500.0,1,30,0,0.0
Surrender to Spirit Creative Writing Project - Phase 1,1,2012-09-08 23:39:01,2012-07-10 23:39:01,2500.0,3,60,0,0.5574
Newton's Wildlife Adventures,1,2014-08-13 18:26:39,2014-07-14 18:26:39,3000.0,4,30,0,0.34
The Secret Tomato Project,4,2015-08-06 01:13:55,2015-07-30 01:13:55,1000.0,42,7,1,0.0
XSTINK,7,2012-02-28 06:20:26,2012-01-14 06:20:26,2500.0,4,45,0,0.0
Opening an online-gallery for great Dinosaur Art and Artists,11,2013-06-03 03:00:00,2013-05-04 00:45:59,999.0,28,30,1,0.6249
Qi Aerista: The Ultimate Wi-Fi-Enabled Smart Tea Maker,5,2016-12-15 16:51:13,2016-11-15 16:51:13,600000.0,961,30,1,0.4019
Bring Victorian to Life.,3,2013-10-22 05:00:00,2013-10-15 04:23:16,4000.0,21,7,1,0.0
Thank You Letters from Krys,1,2014-12-05 23:30:51,2014-11-05 23:30:51,1000.0,0,30,0,0.3612
"MargOH! in ""What makes a legend drink more? London Style""",10,2010-12-21 05:59:00,2010-10-31 16:44:31,1200.0,4,50,0,0.0
Original paintings from £10,11,2015-07-29 12:12:07,2015-06-29 12:12:07,500.0,4,30,0,0.3182
OPUNTIA,2,2016-07-15 06:59:00,2016-06-15 16:30:47,15000.0,117,29,1,0.0
Debut Hip-Hop Album by MikelWJ,3,2011-12-26 01:44:53,2011-10-27 01:44:53,210.0,1,60,0,0.0
Temple Flower | Vibrant Activewear and Yoga Apparel,9,2015-03-12 13:15:41,2015-02-10 14:15:41,20000.0,103,29,1,0.5267
Scorned starring American Idol alum & 2x Grammy nominee Chip,2,2012-02-03 05:59:00,2012-01-09 01:13:10,4500.0,0,25,0,0.0
"The ""Here I AM' Project",3,2014-05-15 02:48:15,2014-04-15 02:48:15,500.0,3,30,0,0.0
A Weekly Video Series,2,2016-03-26 15:12:00,2016-02-25 18:51:16,500.0,2,29,0,0.0
Bike Pouch,5,2012-06-21 22:11:38,2012-05-22 22:11:38,31400.0,27,30,0,0.0
GLOBAL INTERSECTION 13: A World of Materials and Methods,11,2013-09-22 19:31:04,2013-08-23 19:31:04,2100.0,3,30,0,0.0
Zombie T-Shirts & Hoodies,9,2012-06-09 20:47:18,2012-05-10 20:47:18,3000.0,0,30,0,0.0
Moustache Bow Tie Project for Mo Bros & Mo Sistas,9,2012-11-28 08:59:00,2012-10-24 20:51:48,500.0,44,34,1,0.0
"My first official music video for my single ""Forever""",3,2013-07-31 20:54:31,2013-07-01 20:54:31,700.0,0,30,0,0.0
Personalized Children's Book (Canceled),1,2015-06-17 19:07:37,2015-05-18 19:07:37,30000.0,141,30,0,0.0
Our Bible App,5,2016-10-02 05:59:00,2016-08-29 20:52:45,40000.0,45,33,0,0.0
Een leven lang FLOW,1,2016-10-30 20:00:00,2016-10-06 18:39:49,10000.0,56,24,1,0.0
Garment Collective: Ethically sourced. Redemptively Made.,9,2015-01-25 05:19:00,2014-12-08 19:25:43,20000.0,296,47,1,0.0
In The Beginning by Mark Barnes,3,2016-04-04 09:00:00,2016-03-14 00:37:14,2000.0,20,21,0,0.0
The Challis Effect: Your Heart Was Built On A Graveyard....,3,2012-05-14 01:26:12,2012-04-14 01:26:12,3500.0,0,30,0,0.4588
A:LOG,5,2013-06-28 04:01:45,2013-05-29 04:01:45,20000.0,775,30,1,0.0
Worlds of Adventure: Fantasy Realms,7,2016-08-15 00:59:00,2016-07-15 07:55:38,10000.0,15,30,0,0.3182
Perfect Boots - Fernando Berlin,9,2015-10-16 21:12:51,2015-09-16 21:12:51,20000.0,79,30,1,0.5719
The Dihydrogen Monoxide Conspiracy,2,2016-04-07 15:13:55,2016-02-22 15:13:55,25000.0,502,45,0,-0.5267
3D survival Kit,5,2015-12-17 01:23:58,2015-11-02 01:23:58,500.0,43,45,1,0.0
Tons Of Music For A Buck!!!,3,2015-08-15 23:41:20,2015-07-16 23:41:20,1.0,13,30,1,0.0
Adoree - European Promo Tour (Summer 2011),3,2011-06-19 17:12:04,2011-05-20 17:12:04,15000.0,20,30,0,0.0
Read The Bible in 1 Year Card System,1,2013-08-31 13:14:00,2013-08-02 21:29:59,4500.0,11,28,0,0.0
Rob Wiley Custom Leatherwork,9,2015-04-27 03:47:24,2015-03-28 02:47:24,20000.0,4,30,0,-0.5574
N3ON LOVE official launch,7,2016-03-03 08:26:12,2016-02-01 08:26:12,450.0,4,31,0,0.7125
Famous Paintings - a tribute to another art form (Canceled),12,2012-06-01 22:30:20,2012-04-02 22:30:20,10000.0,0,60,0,0.0
LittleRP - Affordable Flexible Open 3D Resin Printer,13,2014-09-10 17:03:52,2014-08-11 17:03:52,25000.0,290,30,1,0.2263
Fallen Guardian Angels Film Project,2,2012-04-23 03:51:18,2012-03-09 03:51:18,1001.0,5,45,0,-0.3612
"a hilarious film called ""mooo""",2,2013-11-01 07:59:00,2013-09-30 19:49:33,1600.0,37,31,1,0.4019
Bondurant Brothers Distillery,4,2014-11-04 19:15:52,2014-10-05 19:16:40,20000.0,9,29,0,0.0
My Summer as a Goth 2016 Finishing Funds,2,2016-08-18 01:45:19,2016-07-04 01:45:19,50000.0,189,45,0,0.0
Without You,2,2013-03-17 12:23:56,2013-02-05 13:23:56,2000.0,2,39,0,0.0
Duo: A DIY twin lens reflex camera for instant film,5,2013-02-20 19:58:29,2013-01-11 19:58:29,10000.0,115,40,1,0.0
Western Sydney Arts Academy,11,2015-01-22 02:42:52,2014-11-23 02:42:52,100000.0,3,60,0,0.0
Crazy Train,1,2015-09-28 17:58:48,2015-08-29 17:58:48,4500.0,0,30,0,-0.34
1862 Railway mania in the Eastern Counties,7,2013-07-16 01:00:00,2013-06-30 13:21:19,12000.0,139,15,1,0.0
MY LIFE AS I SEE IT,1,2012-11-09 17:15:00,2012-10-02 01:06:57,5000.0,3,38,0,0.0
PongCaddie - Save Your Balls With Our Beer Pong Nets,5,2016-04-06 19:03:03,2016-03-07 19:03:03,25000.0,78,30,0,0.4939
Julia Fanning's Debut EP,3,2015-07-26 20:47:46,2015-06-29 20:47:46,6000.0,70,27,1,0.0
Sprite Lamp - Dynamic lighting for 2D art,7,2013-12-13 00:05:38,2013-11-13 00:05:38,6000.0,547,30,1,0.3818
Z Day by Lena Pendleton,1,2016-07-26 07:34:00,2016-06-11 07:34:00,900.0,3,45,0,0.0
The road to Italy!,3,2015-03-13 04:32:14,2015-01-27 05:32:14,4300.0,10,44,0,0.0
Models & Me © : The App (Canceled),13,2016-01-30 19:42:34,2015-12-11 19:42:34,1500.0,0,50,0,0.0
Immersive Cinema,2,2012-04-14 23:26:45,2012-03-15 23:26:45,2000.0,0,30,0,0.0
BBQ Dragon - The Barbecue & Fire Supercharger!,5,2013-06-01 07:00:00,2013-04-29 14:12:44,100000.0,854,32,1,-0.4003
Dineamics,13,2015-04-28 18:00:17,2015-04-14 18:00:17,1000.0,3,14,0,0.0
The UNEARTHING,14,2011-12-20 18:30:24,2011-11-10 18:30:24,14000.0,261,40,1,0.0
UNCLE SAMta ñ FINAL HOURS,2,2014-07-05 05:59:00,2014-06-09 15:27:17,100000.0,118,25,0,0.0
You Know You Like It,2,2016-11-07 22:00:16,2016-10-17 22:00:16,1500.0,25,21,1,0.3612
Local Music Connection,3,2015-12-18 21:50:04,2015-11-18 21:50:04,1500.0,0,30,0,0.0
IGLOO GLASS - World's Coolest Beer Glass,5,2016-12-23 18:38:04,2016-11-17 18:38:04,40000.0,162,36,1,0.0
Treasure Book Covers,11,2015-06-13 16:15:26,2015-05-14 16:15:26,4500.0,0,30,0,0.296
We Came To Sweat,14,2011-05-03 05:59:00,2011-04-11 09:17:10,2223.0,97,21,1,0.0
Finish El Toro The Tot Food Trailer!!,4,2013-04-28 07:37:11,2013-03-29 06:37:11,28000.0,75,30,1,0.0
Phil KIng and Leeland,3,2013-06-01 00:50:04,2013-05-02 00:50:04,7000.0,0,30,0,0.0
"Elbows & Knees: the ""Crippled By a Crush"" EP",3,2012-03-01 05:59:00,2012-01-28 00:52:08,850.0,32,33,1,-0.1531
Broadway Comes To Denver: Scholarship fund,10,2010-04-03 08:33:00,2010-01-03 09:25:12,3600.0,30,89,1,0.0
DO NOT DUPLICATE - Selected by 2015 Devon Film Commision,2,2015-04-10 23:07:00,2015-03-11 22:07:00,1500.0,0,30,0,0.0
Hollander & Lexer F/W13 Women's Clothing Project (Canceled),9,2013-06-10 19:38:31,2013-05-11 19:38:31,35000.0,6,30,0,0.0
For Love of Libya,15,2011-11-14 03:59:00,2011-09-18 17:24:58,2000.0,40,56,1,0.6369
GEEX Season One!,2,2013-08-22 19:02:57,2013-07-18 19:02:57,70000.0,139,35,0,0.0
The Old Soul of a Lion,2,2014-10-14 20:16:22,2014-08-15 20:16:22,3000000.0,2,60,0,0.0
Between a Rock and Hard Place (Canceled),7,2016-07-06 16:00:00,2016-05-08 17:31:40,20000.0,0,58,0,-0.1027
Kevin Woody - First Solo Album,3,2015-07-19 17:34:17,2015-06-19 17:34:17,14000.0,78,30,1,0.0
Norman Einstein's NORMANTHOLOGY,1,2012-09-07 23:39:04,2012-08-08 23:39:04,2000.0,111,30,1,0.0
PRESIDENT OF THE UNITED STATES (Suspended),1,2015-10-25 04:54:42,2015-08-26 05:54:42,5500.0,0,59,0,0.1111
Please Donate Money For My First Music Video Shooting in September,3,2010-09-17 05:29:35,2010-08-18 05:29:35,5000.0,0,30,0,0.3182
Kronos at the Pino Family Ranch,11,2013-10-05 22:27:28,2013-09-05 22:27:28,3000.0,51,30,1,0.0
The Stolen Crystals,7,2016-06-02 18:27:47,2016-05-03 18:27:47,500.0,2,30,0,-0.4939
Bicycle protection on the move. (Canceled),5,2015-09-23 00:59:00,2015-09-01 09:55:43,40000.0,86,21,0,0.0
Low Shoulders - A Short Film,2,2011-05-03 19:50:05,2011-04-03 19:50:05,5000.0,118,30,1,-0.2732
The Endless Whispers Cycle Featurettes,2,2014-12-03 06:00:00,2014-10-24 16:29:33,5800.0,39,39,1,0.0
Dexter's Etsy Shop Expansion,9,2016-09-04 22:31:41,2016-08-05 22:31:41,200.0,5,30,1,0.0
Inflatable Jake band T-shirts,9,2016-11-22 02:00:00,2016-11-14 21:18:46,360.0,2,7,0,0.0
WANTED: THE BEST TASTING FUDGE ON EARTH (Canceled),4,2014-12-16 00:17:35,2014-10-17 00:17:35,800.0,0,60,0,0.7125
Saga of the Splintered Realm,7,2014-04-13 02:53:41,2014-03-14 01:53:41,1000.0,99,30,1,0.0
Make COOLRUNNINGS first physical release a reality.,3,2011-09-07 23:06:42,2011-06-09 23:06:42,2100.0,82,90,1,0.0
51st Studios Unplugged: Wood Headphones featuring Bluetooth,13,2014-05-08 22:09:47,2014-04-08 22:09:47,60000.0,108,30,0,0.0
Will the Film,2,2016-09-22 18:48:45,2016-08-23 18:48:45,10000.0,245,30,1,0.0
Edgar Wallace Jr. (Gets Saxy in the studio for new C.D.),3,2012-03-10 05:00:00,2012-01-19 10:20:04,18000.0,0,50,0,0.0
LEGO My Chess Set,5,2014-10-01 21:00:54,2014-09-01 21:00:54,1250.0,42,30,1,0.0
Feeding Fingers - Their first double album,3,2010-12-01 19:15:21,2010-10-17 19:15:21,7000.0,16,45,0,0.0
Telemetry Webisodes,3,2015-05-17 20:42:45,2015-04-17 20:42:45,2000.0,32,30,1,0.0
Songs Without Words,3,2011-11-12 16:23:09,2011-09-13 16:23:09,5000.0,68,60,1,0.0
Chris Custom Built PC's,13,2015-04-04 02:49:43,2015-02-03 02:49:43,7000.0,0,60,0,0.0
Code name: Interstellar (Canceled),10,2016-05-03 04:30:08,2016-03-04 04:30:08,3000000.0,0,60,0,0.0
Make a Record with Ben Cyllus - be a part of the new project,3,2011-05-14 20:47:57,2011-03-30 20:47:57,13000.0,59,45,0,0.0
"STILL MOTION presents ""Moments Defined"" NYC",14,2014-05-01 06:59:00,2014-03-18 21:41:46,25000.0,97,43,1,0.0
Letters from Basic Training,1,2014-08-16 19:00:00,2014-07-17 01:28:13,1000.0,1,30,0,0.0
A Major Factor,2,2013-02-04 22:06:00,2013-01-08 09:38:38,3500.0,1,27,0,0.0
A watch that INSPIRES your life.,9,2014-09-21 16:43:13,2014-08-07 16:43:13,10000.0,54,45,0,0.5622
The ManBoy LP by OLIVER MANNING,3,2015-03-13 15:10:22,2015-02-11 16:10:22,2000.0,94,29,1,0.0
REDS.box - Get your privacy back in the cloud,13,2016-02-18 12:01:32,2016-01-19 12:01:32,50000.0,209,30,0,0.0
"The ODYSSEY by Homer - Amazing Youth Actors, Giant Puppets!",10,2013-02-22 09:52:00,2013-02-08 01:49:05,2700.0,30,14,1,0.6239
NAMM Marketing -keeping up with the big dogs,13,2014-06-26 01:59:07,2014-06-12 01:59:07,2800.0,11,14,0,0.0
Debut EP Album Promotion,3,2014-11-26 18:46:28,2014-10-27 17:46:28,5500.0,5,30,0,0.0
Doodle: The Creatively Interactive Children's Book.,1,2014-09-26 23:40:57,2014-08-27 23:40:57,15000.0,9,30,0,0.3612
The Green Lamp Prototype (Canceled),13,2015-10-04 19:06:35,2015-09-04 19:06:35,500.0,0,30,0,0.0
A Ninjutsu Pencil Holder,5,2014-11-18 05:59:00,2014-11-01 21:21:41,500.0,24,16,0,0.0
Bocusini - World's first plug & play 3D Food Printing System,13,2015-06-11 09:42:41,2015-05-12 09:42:41,30000.0,149,30,1,0.34
"The Conservative Theatre Festival: Columbus, OH, 1/7/17",10,2016-07-31 18:00:00,2016-07-01 14:49:01,1200.0,1,30,0,0.4939
Spread the Love,4,2014-10-08 22:53:59,2014-09-08 22:53:59,7000.0,0,30,0,0.6369
Fashion wear for Sweater Weather!100% Wool Hoodie & Sweaters,9,2014-04-06 01:52:23,2014-02-05 01:52:23,21000.0,28,60,0,0.0
Aivot,13,2017-01-27 23:23:35,2016-11-28 23:23:35,72083.0,3,60,1,0.0
FashionRider Show & Tell - Video Documentary,2,2013-05-24 13:29:04,2013-04-24 13:29:04,16000.0,0,30,0,0.0
SHRED. Pro Rider Snowboard game.,7,2016-01-14 07:50:38,2015-12-15 07:50:38,10000.0,2,30,0,0.0
The Riddle of the Sphinx,1,2012-11-02 07:00:00,2012-10-12 11:50:59,2000.0,17,20,1,0.0
Weekend Love,3,2013-08-08 22:50:23,2013-07-09 22:50:23,8000.0,2,30,0,0.6369
Los Angeles Women's Theatre Festival - 24th Anniversary!,10,2017-01-14 09:27:20,2016-11-30 09:27:20,10000.0,7,45,1,0.5411
Gender neutral pair dance - exploring gender roles in dance,14,2015-12-16 22:00:00,2015-11-22 16:26:24,2000.0,24,24,0,0.0
Illusions of Reality,11,2015-03-16 10:16:18,2015-02-14 11:16:18,7000.0,6,29,0,0.0
Daniel: an Ordinary Tragedy: a new musical,10,2015-05-04 17:55:00,2015-03-29 22:57:04,1000.0,17,35,1,-0.6597
Glass Paradise,11,2015-08-13 01:00:00,2015-07-30 21:18:12,3000.0,81,13,1,0.6369
THE GENESIS COLLECTION,11,2012-02-26 21:29:12,2012-01-27 21:29:12,500.0,0,30,0,0.0
Tail Feather Belts (Canceled),9,2015-04-13 00:36:30,2015-03-04 00:36:30,800.0,18,40,0,0.0
"Attention, a life in Extremes",2,2013-04-18 10:54:37,2013-03-19 09:54:37,20000.0,41,30,0,0.0
The Journey West ~ a novel based on a true story (Canceled),1,2015-05-01 01:23:05,2015-04-01 01:23:05,12000.0,0,30,0,0.6249
Medieval Trading MMO (Canceled),7,2015-03-27 15:44:10,2015-02-25 16:44:10,700000.0,0,29,0,0.0
North State Grocery Documentary (Canceled),2,2015-10-21 17:46:12,2015-09-21 17:46:12,5000.0,0,30,0,0.0
Covalence: A Molecule Building Game,7,2015-11-05 06:00:00,2015-10-06 09:24:22,7500.0,1447,29,1,0.0
Professor Vogel's Alternative History Machine I&A Issue III,1,2011-08-31 17:00:00,2011-08-09 08:57:17,800.0,54,22,1,0.0
Monadnock Gymnastics,14,2016-06-21 02:30:03,2016-05-22 02:30:03,50000.0,10,30,0,0.0
Banaau - getting to the next level,3,2016-07-10 14:52:54,2016-06-05 14:52:54,600.0,14,35,1,0.0
The Purveyor (Canceled),2,2012-08-09 13:42:39,2012-07-10 13:42:39,60000.0,14,30,0,0.0
Solo Art Show Miami,11,2016-11-13 05:29:45,2016-10-14 05:29:45,9800.0,11,30,0,0.0
Cinema Verde,2,2011-03-06 06:00:00,2011-02-09 01:28:41,5000.0,12,25,0,0.0
The Dousing Sauce Story,4,2015-06-01 00:37:00,2015-04-08 07:55:56,25000.0,3,53,0,0.0
Masters of the Tooniverse Podcast (Suspended),2,2013-07-02 04:30:00,2013-05-30 19:24:22,3200.0,24,32,0,-0.4767
The Nostalgic Restoration of Your Youth,11,2014-08-10 21:20:51,2014-07-11 21:20:51,10000.0,0,30,0,0.0
SA-4 Studios,3,2015-03-25 17:33:14,2015-01-24 18:33:14,5000.0,0,59,0,0.0
"""Beast of Spearpointe"" book 1 of 10 New Epic Fantasy Series",1,2013-05-02 02:00:00,2013-03-18 00:59:13,4000.0,88,45,1,0.0
Ekosofi - Life made again (Canceled),6,2015-04-19 10:21:00,2015-03-28 10:56:01,120000.0,0,21,0,0.0
Napa Valley Private Label Wine,4,2015-07-15 21:14:25,2015-06-15 21:14:25,25000.0,12,30,0,0.0
Humans Wanted: A SF Anthology,1,2016-07-16 17:59:39,2016-06-16 17:59:39,10000.0,252,30,1,0.0
"Ian Mahan new album ""Little Moments""",3,2013-01-19 22:00:00,2012-12-12 20:22:45,3000.0,15,38,1,0.0
GBS Detroit Presents Daniel Harrison and the $2 Highway,3,2013-06-08 05:59:00,2013-05-23 21:05:24,1200.0,22,15,1,0.0
A pot of coffee,4,2014-08-09 17:01:42,2014-07-10 17:01:42,10.0,2,30,1,0.0
Cancelled (Canceled),5,2015-08-16 14:11:23,2015-07-08 14:11:23,35000.0,22,39,0,-0.25
"The first coffee pod for FrenchPress, ColdBrew & Aeropress",5,2015-08-06 23:59:00,2015-07-06 09:09:21,35000.0,31,31,0,0.0
Pet Beds,6,2015-03-11 17:02:16,2015-02-09 18:02:16,200.0,1,29,0,0.0
Darker Shade of Fado,3,2014-03-31 21:56:00,2014-02-19 22:00:40,2500.0,21,39,1,0.0
Life & Career Changing Dream Camera Goal!,12,2015-03-01 02:27:08,2015-01-30 02:27:08,2000.0,1,30,0,0.3164
"lightbulb terrarium, hand made mini terrariums.",5,2014-09-14 23:03:58,2014-08-15 23:03:58,1500.0,2,30,0,0.4939
DSW74NEWS LIVE BROADCASTING,15,2016-09-14 20:54:00,2016-08-10 23:06:33,15000.0,0,34,0,0.0
Dead Burger by Abomination Films!,2,2012-07-01 06:17:49,2012-05-02 06:17:49,5000.0,33,60,1,-0.68
"""Star in a movie like 'Entourage'"" The 420 Crew (Canceled)",2,2014-08-17 20:13:28,2014-07-18 20:13:28,150000.0,1,30,0,0.3612
Nina Jo Smithís PEOPLE PLACES & SINGS CD,3,2012-03-16 20:32:21,2012-02-15 21:32:21,3500.0,51,29,1,0.0
GRITS on wheels in Los Angeles! Ya'll come an get it!,4,2016-08-24 02:29:25,2016-07-25 02:29:25,15000.0,15,30,0,0.0
Hotdog Yogatote,5,2014-04-02 21:39:30,2014-03-03 21:39:30,19000.0,91,30,0,0.0
Travel Far: A... Guide to the Out-of-Body Experience...,1,2015-04-12 00:00:00,2015-03-07 08:52:50,4000.0,4,35,0,0.0
Who is Nellie Bly?,11,2012-08-05 05:17:04,2012-07-06 05:17:04,3000.0,21,30,1,0.0
Get It On The Shelf!,1,2011-07-03 01:30:42,2011-05-04 01:30:42,5500.0,3,60,0,0.0
"Help Us Record Our Debut EP ""Mayday""",3,2011-06-23 02:03:17,2011-04-24 02:03:17,1250.0,1,60,0,0.4019
The Million Pound Shirt,9,2015-11-25 22:00:04,2015-10-21 22:00:04,1000000.0,1,35,0,0.0
tipstir,4,2011-08-14 19:32:29,2011-07-15 19:32:29,1000.0,0,30,0,0.0
"ChileFornia- An anecdotal view of identity, immigration & diversity",15,2010-10-30 05:59:00,2010-08-18 21:03:40,8000.0,0,72,0,0.0
"""Revolutionary Love""",2,2012-03-16 17:18:52,2012-02-15 18:18:52,4000.0,2,29,0,0.6369
The Creative Side - A Photography Webseries,2,2011-10-24 02:00:00,2011-09-26 22:15:25,2000.0,3,27,0,0.4404
The Last Dictator,2,2015-11-13 17:36:42,2015-09-14 17:36:42,700000.0,1,60,0,0.0
"""Projection"" a short film",2,2011-06-18 02:43:00,2011-05-03 22:19:58,5000.0,20,45,0,0.0
The 1st Motion Tracking DIY Smart Home Security Camera,13,2016-12-31 03:54:32,2016-11-01 02:54:32,25000.0,397,60,1,0.6249
Veterans,12,2012-08-15 06:00:00,2012-07-09 05:39:06,5000.0,87,37,1,0.0
MY VERY FIRST KICKSTARTER,2,2014-08-12 20:08:35,2014-07-13 20:08:35,6500.0,2,30,0,0.0
This Song Is About You,3,2014-07-11 23:35:00,2014-06-11 23:35:00,40000.0,0,30,0,0.0
Telemedicine wound care provider locator,13,2016-10-09 00:22:31,2016-09-09 00:22:31,50000.0,5,30,0,0.4939
