ID,name,category,main_category,currency,deadline,goal,launched,pledged,state,backers,country,usd pledged
1000002330,The Songs of Adelaide & Abullah,Poetry,Publishing,GBP,2015-10-09 11:36:00,1000,2015-08-11 12:12:28,0,failed,0,GB,0
1000004038,Where is Hank?,Narrative Film,Film & Video,USD,2013-02-26 0:20:50,45000,2013-01-12 0:20:50,220,failed,3,US,220
1000007540,ToshiCapital Rekordz Needs Help to Complete Album,Music,Music,USD,2012-04-16 4:24:11,5000,2012-03-17 3:24:11,1,failed,1,US,1
1000011046,Community Film Project: The Art of Neighborhood Filmmaking,Film & Video,Film & Video,USD,2015-08-29 1:00:00,19500,2015-07-04 8:35:03,1283,canceled,14,US,1283
1000014025,Monarch Espresso Bar,Restaurants,Food,USD,2016-04-01 13:38:27,50000,2016-02-26 13:38:27,52375,successful,224,US,52375
1000023410,Support Solar Roasted Coffee & Green Energy! SolarCoffee.co,Food,Food,USD,2014-12-21 18:30:44,1000,2014-12-01 18:30:44,1205,successful,16,US,1205
1000030581,Chaser Strips. Our Strips make Shots their B*tch!,Drinks,Food,USD,2016-03-17 19:05:12,25000,2016-02-01 20:05:12,453,failed,40,US,453
1000034518,SPIN - Premium Retractable In-Ear Headphones with Mic,Product Design,Design,USD,2014-05-29 18:14:43,125000,2014-04-24 18:14:43,8233,canceled,58,US,8233
100004195,STUDIO IN THE SKY - A Documentary Feature Film (Canceled),Documentary,Film & Video,USD,2014-08-10 21:55:48,65000,2014-07-11 21:55:48,"6,240.57",canceled,43,US,"6,240.57"
100004721,Of Jesus and Madmen,Nonfiction,Publishing,CAD,2013-10-09 18:19:37,2500,2013-09-09 18:19:37,0,failed,0,CA,0
100005484,Lisa Lim New CD!,Indie Rock,Music,USD,2013-04-08 6:42:58,12500,2013-03-09 6:42:58,12700,successful,100,US,12700
1000055792,The Cottage Market,Crafts,Crafts,USD,2014-10-02 17:11:50,5000,2014-09-02 17:11:50,0,failed,0,US,0
1000056157,G-Spot Place for Gamers to connect with eachother & go pro!,Games,Games,USD,2016-03-25 22:01:12,200000,2016-02-09 23:01:12,0,failed,0,US,0
1000064368,Survival Rings,Design,Design,USD,2015-02-28 2:10:53,2500,2015-01-29 2:10:53,664,failed,11,US,664
1000064918,The Beard,Comic Books,Comics,USD,2014-11-08 22:27:52,1500,2014-10-09 22:27:52,395,failed,16,US,395
1000068480,Notes From London: Above & Below,Art Books,Publishing,USD,2015-05-10 21:20:54,3000,2015-04-10 21:20:54,789,failed,20,US,789
1000070642,Mike Corey's Darkness & Light Album,Music,Music,USD,2012-08-17 14:11:32,250,2012-08-02 14:11:32,250,successful,7,US,250
1000071625,Boco Tea,Food,Food,USD,2012-06-02 17:24:32,5000,2012-05-03 17:24:32,1781,failed,40,US,1781
1000072011,CMUK. Shoes: Take on Life Feet First.,Fashion,Fashion,USD,2013-12-30 7:06:11,20000,2013-11-25 7:06:11,34268,successful,624,US,34268
1000082254,Alice in Wonderland in G Minor,Theater,Theater,USD,2014-06-15 10:09:03,3500,2014-05-16 10:10:38,650,failed,12,US,650
1000087442,Mountain brew: A quest for alcohol sustainability,Drinks,Food,NOK,2015-02-25 19:17:33,500,2015-01-26 19:17:33,48,failed,3,NO,6.18000816
1000091520,The Book Zoo - A Mini-Comic,Comics,Comics,USD,2014-11-12 17:15:50,175,2014-10-23 17:15:50,701.66,successful,66,US,701.66
1000102741,Matt Cavenaugh & Jenny Powers make their 1st album!,Music,Music,USD,2011-01-06 23:16:50,10000,2010-12-07 23:16:50,15827,successful,147,US,15827
1000103948,Superhero Teddy Bear,DIY,Crafts,GBP,2016-01-05 20:09:06,12000,2015-12-06 20:09:06,0,failed,0,GB,0
1000104688,Permaculture Skills,Webseries,Film & Video,CAD,2014-12-14 18:02:00,17757,2014-11-14 18:02:00,48905,successful,571,CA,"43,203.25"
1000104953,Rebel Army Origins: The Heroic Story Of Major Gripes,Comics,Comics,GBP,2016-01-28 16:59:29,100,2015-12-29 16:59:29,112.38,successful,27,GB,167.7003058
1000115172,Daily Brew Coffee,Food Trucks,Food,GBP,2015-03-31 18:06:32,3500,2015-03-01 18:06:32,21,failed,1,GB,32.41526106
1000117861,Ledr workbook: one tough journal!,Product Design,Design,USD,2016-10-08 2:00:00,1000,2016-09-07 13:14:26,47266,successful,549,US,11253
1000120151,Feather Cast Furled Fly Fishing Leaders,Product Design,Design,AUD,2015-08-22 3:09:43,2000,2015-07-23 3:09:43,2000,successful,18,AU,"1,473.62"
1000120287,BB130A,Public Art,Art,USD,2013-03-24 0:07:28,25000,2013-02-12 1:07:28,1395,failed,30,US,1395
100012079,Chris Eger Band - New Nashville Record!,Music,Music,USD,2014-08-13 8:59:00,12000,2014-07-14 22:35:51,13260,successful,92,US,13260
1000129669,Squatch Watchers,Webseries,Film & Video,USD,2013-08-23 21:40:13,10000,2013-07-24 21:40:13,"1,373.37",failed,54,US,"1,373.37"
1000131947,Arrows & Sound Debut Album,Indie Rock,Music,USD,2012-05-19 1:04:31,4000,2012-04-19 1:04:31,"8,641.34",successful,157,US,"8,641.34"
1000132945,Zen in America: a film on Zen Buddhism in North America,Documentary,Film & Video,USD,2013-10-21 23:00:54,10000,2013-09-21 23:00:54,15663,successful,213,US,15663
1000134913,Galaxy: Winnie and Friends,Illustration,Art,USD,2016-01-27 21:47:29,3000,2015-12-23 21:47:29,17,failed,2,US,17
1000146991,Help Scott Reynolds Make a New Record!,Indie Rock,Music,USD,2012-09-02 18:43:16,15000,2012-08-03 18:43:16,"17,499.99",successful,277,US,"17,499.99"
1000160286,"""THE RETURN"" book project",Photography,Photography,USD,2013-12-13 0:34:20,15000,2013-11-13 0:34:20,23907,successful,232,US,23907
1000171141,"The Please, Please Me: Studio Premiere",Pop,Music,USD,2012-09-01 23:36:00,10000,2012-07-15 3:27:33,12656,successful,181,US,12656
1000182258,WE ARE ONE: STREET MUSIC OF NEW ORLEANS,Documentary,Film & Video,USD,2013-10-01 6:00:00,2500,2013-08-27 20:17:27,0,failed,0,US,0
1000183112,Hot Chicken Takes Over.,Restaurants,Food,USD,2014-10-16 5:59:00,40000,2014-09-16 2:31:08,63401,successful,855,US,63401
1000184224,Star and the Snowman,Narrative Film,Film & Video,USD,2013-02-23 6:04:05,8000,2013-01-24 6:04:05,9401,successful,154,US,9401
1000190427,Seas of Iron,Tabletop Games,Games,USD,2013-07-19 3:16:33,3000,2013-06-19 3:16:33,8105,successful,218,US,8105
1000197321,(In)visible Empire Tees,Public Art,Art,USD,2016-01-02 0:00:00,1200,2015-11-22 22:47:44,90,failed,4,US,90
1000201265,I'LL SEE YOU IN MY DREAMS - narrative feature film,Narrative Film,Film & Video,USD,2014-02-05 0:57:14,60000,2014-01-11 0:57:14,"61,365.16",successful,632,US,"61,365.16"
1000202062,SkateFrames-Photo frame made from recycled skateboard wood,Art,Art,USD,2015-05-08 2:53:18,7500,2015-04-08 2:53:18,3,failed,3,US,3
1000212914,A Teacher's Travels in China,Photography,Photography,USD,2012-05-13 23:34:56,4000,2012-04-18 23:34:56,"4,866.17",successful,71,US,"4,866.17"
1000216800,Mothers Into Living Fit Yoga DVD for Moms and Babies,Family,Film & Video,USD,2014-06-19 17:18:29,11000,2014-05-20 17:18:29,11055,successful,51,US,11055
1000217634,Mobile barbecue & catering trailer,Food Trucks,Food,USD,2014-10-23 20:29:00,13750,2014-09-24 3:35:33,1,failed,1,US,1
1000226576,Following the Call - A Novel,Fiction,Publishing,USD,2016-02-01 8:06:07,13500,2016-01-02 8:06:07,0,failed,0,US,0
1000227361,UNDERWATER,Film & Video,Film & Video,USD,2012-03-26 6:00:00,9500,2012-02-13 19:00:37,9660,successful,121,US,9660
1000230071,The Fanalyzers: Views from the Stands,Webseries,Film & Video,USD,2013-10-18 20:20:00,60000,2013-09-18 20:20:00,635,failed,5,US,635
1000232288,Empires at Sea,Tabletop Games,Games,USD,2015-06-23 12:47:52,25000,2015-05-24 12:47:52,37199,successful,448,US,37199
1000233415,Teachers In The Sky,Documentary,Film & Video,USD,2016-06-18 7:00:00,250000,2016-04-19 23:53:22,65,failed,2,US,65
1000234595,Fashion removeable decoration jewel accessory hells shoes,Accessories,Fashion,EUR,2016-10-13 11:59:57,12000,2016-09-13 11:59:57,137,failed,2,IT,0
1000235465,TO RUSSIA WITH LOVE AND SIMON,Art,Art,USD,2016-06-22 18:10:04,5000,2016-05-23 18:10:04,587,failed,8,US,587
1000235643,HIIT Bottleô,Drinks,Food,USD,2015-04-27 19:33:08,15000,2015-03-13 18:33:08,124998,successful,2784,US,124998
1000243793,"""JurassicJurassix"" by The Guilt",Rock,Music,USD,2015-04-09 0:10:28,850,2015-02-23 0:10:28,485,failed,13,US,485
1000245024,Safer Home,Hardware,Technology,CAD,2015-07-03 5:52:43,50000,2015-06-03 5:52:43,0,failed,0,CA,0
1000252415,"Pantochino Productions: ""Cinderella Skeleton, the Musical""",Theater,Theater,USD,2011-07-08 15:08:51,15000,2011-05-09 15:08:51,15425,successful,144,US,15425
1000256760,"Raise the Woof, expanding the love (Canceled)",Design,Design,CAD,2015-08-07 21:46:53,15000,2015-07-08 21:46:53,700,canceled,6,CA,553.324254
1000257563,"""Flying"" Carpets from Azerbaijan, Iran and Turkey/Anatolia",Weaving,Crafts,GBP,2015-04-29 19:55:31,5000,2015-03-30 19:55:31,2,failed,1,GB,2.9752253
1000260691,Gizbeeô Unlimited Removable Storage for Your Travel Photos,Gadgets,Technology,USD,2016-03-25 19:30:27,87000,2016-02-29 20:30:27,2030,canceled,15,US,2030
1000261018,Diposta - liberating people from their postal mailbox.,Web,Technology,USD,2016-08-23 13:18:36,100000,2016-07-24 13:18:36,141,failed,3,US,100
1000268182,My Future Just Passed - Debut CD - Jazz Trio,Jazz,Music,USD,2014-12-03 21:11:44,4000,2014-11-03 21:11:44,4795,successful,95,US,4795
1000278154,"Loot and Recruit - A quirky, combative, deck building game",Tabletop Games,Games,USD,2015-04-10 5:59:00,13000,2015-03-10 13:19:18,2453,canceled,65,US,2453
1000282287,Babe Ruth's Family Kitchen - Gourmet Hot Dogs and Condiments,Food,Food,USD,2015-10-13 0:59:36,25000,2015-09-08 0:59:36,0,canceled,0,US,0
1000291122,VOTE (anyone but) TRUMP Candle,Product Design,Design,GBP,2016-08-24 5:59:00,500,2016-07-12 17:31:42,218,failed,6,GB,174.8267591
1000291263,"""It's Complicated"" by Ariana Salome",Ready-to-wear,Fashion,USD,2016-06-09 22:52:00,68000,2016-05-10 22:52:00,0,failed,0,US,0
1000294559,Secular Solstice 2014,Festivals,Theater,USD,2014-10-27 0:50:58,7500,2014-10-02 1:50:58,"8,157.01",successful,164,US,"8,157.01"
1000320473,Uncommon Rhythm - Season One,Film & Video,Film & Video,USD,2013-09-13 8:55:00,29700,2013-08-15 11:16:24,10410,failed,76,US,10410
1000328150,Legacy of Svarog | a Unique 3D Action RPG and Adventure Game,Video Games,Games,USD,2015-10-30 5:33:31,50000,2015-08-31 6:33:31,1410,failed,38,US,1410
1000328328,ANVIL Beard,Fashion,Fashion,GBP,2015-02-06 13:00:00,2000,2014-12-15 19:13:37,61,failed,9,GB,95.87396169
1000331311,AWE - Antediluvian Wars: Extermination Tactical Card Game,Tabletop Games,Games,USD,2014-08-31 0:00:00,13000,2014-08-01 0:02:17,1811,failed,34,US,1811
1000332383,Road to the Shire,Documentary,Film & Video,USD,2012-02-14 21:00:00,4000,2012-01-11 20:13:55,4045,successful,29,US,4045
1000333671,Spiral Electric Skylab Recording,Rock,Music,USD,2015-02-26 18:54:23,500,2015-02-04 18:54:23,1540,successful,31,US,1540
1000334074,The Locals Only Shirt,Fashion,Fashion,USD,2012-05-18 7:59:00,500,2012-05-01 7:11:25,754.82,successful,36,US,754.82
1000335422,"""Where is Home?"" Anthology",Anthologies,Comics,CAD,2014-07-10 0:09:47,4000,2014-06-10 0:09:47,"4,944.50",successful,153,CA,"4,523.37"
1000338818,"Diet! No thanks, I'd rather lose weight",Publishing,Publishing,EUR,2016-10-30 17:13:01,10000,2016-08-31 18:13:01,88,failed,9,DE,22.3488658
1000339877,The Onrust Project and Two Row Treaty of 1613,Theater,Theater,USD,2013-06-16 0:58:02,5000,2013-04-17 0:58:02,110,failed,2,US,110
1000340977,My Coffee Box,Drinks,Food,USD,2014-06-16 22:43:36,3000,2014-05-17 22:43:36,1027,failed,18,US,1027
1000344383,øTu Sabes? (You Know?) a music collaboration by Daya & Edu,Music,Music,USD,2012-12-13 0:12:00,4500,2012-10-30 8:53:03,409,failed,10,US,409
1000348776,P/O/V Comic and Literary Anthology,Comics,Comics,USD,2012-03-06 18:25:26,4289,2012-01-21 18:25:26,474,failed,14,US,474
1000354338,"""Little Shop of Horrors"" at the Browncoat Theatre!",Theater,Theater,USD,2012-08-14 20:05:26,2000,2012-06-30 20:05:26,2075,successful,40,US,2075
10003650,Glyscian Debut Album Recording (Canceled),Rock,Music,USD,2012-05-26 4:25:46,15000,2012-03-27 4:25:46,151,canceled,4,US,151
1000374001,The Dark Waters Project,Indie Rock,Music,USD,2013-04-07 5:55:00,10000,2013-02-20 1:48:42,10414,successful,113,US,10414
1000386601,Los Angeles International Student Film Festival,Film & Video,Film & Video,USD,2014-04-03 17:24:51,1500,2014-03-04 17:24:51,"1,932.99",successful,29,US,"1,932.99"
1000389241,Bob Contemplates Ending It All,Shorts,Film & Video,USD,2014-01-27 2:00:00,3000,2013-12-18 20:54:02,3755,successful,52,US,3755
1000392220,The Girls Bathroom,Webseries,Film & Video,USD,2011-07-31 6:00:00,2000,2011-07-06 16:35:45,"2,252.99",successful,45,US,"2,252.99"
100039820,Best Spray Bottle Ever - SureShot,Gadgets,Technology,CAD,2015-03-07 16:57:21,25000,2015-02-05 16:57:21,3,failed,3,CA,2.41110072
1000399155,New Lasagna,Restaurants,Food,USD,2014-10-17 11:13:15,5000,2014-08-18 11:13:15,0,failed,0,US,0
1000405957,Just Another Reality Show: Season 3,Webseries,Film & Video,USD,2014-05-11 23:04:22,500,2014-04-10 23:04:22,756,successful,8,US,756
1000413719,Backroads EP Processing Costs,Electronic Music,Music,USD,2012-10-26 23:00:00,200,2012-10-11 23:32:24,274.05,successful,14,US,274.05
1000415969,Disaster Area: A Podcast,Radio & Podcasts,Publishing,USD,2016-12-28 17:58:04,1000,2016-11-28 17:58:04,125,live,3,US,0
1000422671,Titanium EDC Bottle Opener,Product Design,Design,USD,2016-11-20 16:23:31,500,2016-10-21 16:23:31,156,failed,4,US,1
1000427280,Fishtacular - The Ultimate Fishing Tool (Canceled),Apps,Technology,CAD,2015-05-25 20:04:12,50000,2015-04-23 20:04:12,11336,canceled,19,CA,"9,240.74"
1000428719,"""Eat Like A Gilmore"" Cookbook",Cookbooks,Food,USD,2016-04-17 4:00:00,20000,2016-03-14 12:39:29,47273,successful,1261,US,47273
100044420,PATTY AT THE PARTY - a mumblecore horror feature,Webseries,Film & Video,USD,2010-07-04 21:12:00,5000,2010-04-29 7:14:32,50,failed,3,US,50
1000445513,Bold Threadz,Fashion,Fashion,USD,2012-09-20 21:59:00,5400,2012-08-02 4:47:11,5858,successful,131,US,5858
1000450327,Happy Fix USA,Apparel,Fashion,USD,2014-10-01 17:06:42,1750,2014-08-17 17:06:42,1805,successful,25,US,1805
1000454605,Be part of the next SMB Project album,Indie Rock,Music,USD,2012-03-24 2:00:00,1000,2012-02-12 17:33:14,1455,successful,41,US,1455
1000465399,DAYTRADER - A Financial Board Game,Tabletop Games,Games,USD,2013-03-13 15:16:06,19500,2013-02-05 16:16:06,20269,successful,491,US,20269
1000476123,Mama's Meatballs,Food,Food,USD,2014-08-07 18:52:26,100,2014-07-08 18:52:26,0,failed,0,US,0
1000479996,"Ebony Child:Music Artist drops New Album, Comic Book, & Film",Pop,Music,USD,2016-05-21 1:46:25,10000,2016-04-21 1:46:25,10,failed,1,US,10
1000481607,Alpha Omega E.P.,Metal,Music,USD,2016-09-30 22:34:26,1000,2016-09-05 22:34:26,472,failed,13,US,0
1000491830,The Legendary YD 2016 Tour,Hip-Hop,Music,USD,2016-05-18 19:48:00,6325,2016-03-19 21:51:03,10,failed,2,US,10
1000499845,MEMORY LANE,Documentary,Film & Video,USD,2010-11-08 22:48:40,20000,2010-10-09 22:48:40,270,failed,4,US,270
1000509854,"Jane Brown... a story of courage, survival and love",Periodicals,Publishing,USD,2011-12-31 0:01:57,25000,2011-10-31 23:01:57,0,failed,0,US,0
1000514796,CASE:Lynk - Your EMERGENCY iPhone Charge & Sync Cord,Product Design,Design,USD,2012-10-11 6:59:37,125000,2012-09-06 6:59:37,3012,failed,67,US,3012
100051531,Cat - Pre-Professional Ballerina,Dance,Dance,USD,2014-10-06 13:24:34,3400,2014-08-07 13:24:34,0,failed,0,US,0
1000519001,Wordwright: re∑de∑fin∑ing word play,Tabletop Games,Games,USD,2015-12-29 2:00:00,2000,2015-11-21 14:12:27,14794,successful,624,US,14794
1000521061,SERiNO'S PiZZA ROLLiNG PiZZA LAB (Food Truck),Food Trucks,Food,USD,2014-09-30 23:39:19,20000,2014-09-01 23:39:19,0,failed,0,US,0
1000521421,A photobook of life in Japan,Photography,Photography,USD,2013-03-14 2:11:43,3200,2013-02-12 3:11:43,568,failed,11,US,568
1000524949,Operation: Make Stuff,Video Games,Games,USD,2012-10-18 4:46:06,200,2012-09-18 4:46:06,306.72,successful,36,US,306.72
1000535116,Xi3: Help us Usher in the Post-PC Era,Technology,Technology,USD,2012-10-28 8:33:59,250000,2012-09-28 9:33:59,90771,failed,120,US,90771
1000537760,help our wood shop buy a lathe & hopefully a laser engraver,Public Art,Art,USD,2014-11-13 21:50:32,650,2014-10-24 21:50:32,0,failed,0,US,0
1000542390,Spirits Asunder,Film & Video,Film & Video,GBP,2015-03-31 5:52:30,500,2015-03-01 5:52:30,5,failed,1,GB,7.71822905
1000543883,Store Facades - Paintings out of Pittsburgh,Painting,Art,USD,2013-03-30 2:02:09,800,2013-02-28 3:02:09,"1,062.57",successful,20,US,"1,062.57"
1000545028,Trackside - Independent documentary featuring Marshals,Documentary,Film & Video,GBP,2014-03-02 22:00:00,5000,2014-01-24 12:49:11,5037,successful,47,GB,"8,345.98"
1000549881,"Brandi Emma promotes her new, 5-song EP because of YOU! Pre-Order Right Here :)",Indie Rock,Music,USD,2010-07-12 8:59:00,10000,2010-06-12 1:44:53,4006,failed,44,US,4006
1000551777,Gantish - Online Reward Chart Creator for Parents,Software,Technology,EUR,2015-09-16 15:37:03,4000,2015-08-17 15:37:03,282,failed,12,IE,313.3002629
1000553538,URBNPOP / CHRIS HAMER SKETCHBOOK,Art Books,Publishing,USD,2012-07-18 16:58:21,1400,2012-06-18 16:58:21,2535,successful,49,US,2535
1000558429,Sellegg start up classified site,Web,Technology,USD,2016-03-20 19:26:00,15000,2016-03-02 2:13:52,25,failed,1,US,25
1000566862,Farmer Brown's Analogy Farm Game for ages three and above,Games,Games,USD,2013-10-30 2:32:14,25000,2013-09-27 3:32:14,65,failed,3,US,65
1000567557,The Seven Rays,World Music,Music,USD,2012-04-09 2:52:41,3000,2012-02-24 2:52:41,260,failed,8,US,260
100057323,David LaRocca: Star Spawn,Illustration,Art,USD,2015-10-22 4:30:00,650,2015-09-21 14:44:46,"2,354.50",successful,53,US,"2,354.50"
1000577059,Calendars for Cats,Photobooks,Photography,USD,2015-12-29 14:56:30,1000,2015-11-29 14:56:30,95,failed,3,US,95
10005784,DOGMA - Short Film,Drama,Film & Video,GBP,2015-03-20 1:00:00,750,2015-03-06 15:13:20,756,successful,15,GB,"1,153.31"
1000581546,Project U-Neek,Art,Art,GBP,2013-05-08 1:06:32,1500,2013-04-08 1:06:32,"1,515.50",successful,19,GB,"2,320.27"
1000581804,Architecture & Design Website,Architecture,Design,GBP,2014-09-28 19:47:50,500,2014-08-29 19:47:50,0,failed,0,GB,0
1000586849,#NotMyPresident Protest Tees,Apparel,Fashion,USD,2016-12-22 4:46:10,2500,2016-11-22 4:46:10,25,live,1,US,30
1000590709,Musical Light Suit,Hardware,Technology,USD,2011-06-28 9:09:15,6000,2011-05-19 9:09:15,20,failed,2,US,20
1000600012,YA science-fiction/comedy book series: Zeek Kim'lo,Young Adult,Publishing,GBP,2016-06-16 1:05:02,10000,2016-05-17 1:05:02,1,failed,1,GB,1.4360512
1000600526,Rising Star - Unsigned Artist Compilation Album,Hip-Hop,Music,GBP,2013-02-22 22:32:01,600,2013-01-08 22:32:01,0,failed,0,GB,0
1000602156,HYDRA DICE,Games,Games,USD,2012-06-06 7:42:47,12000,2012-05-07 7:42:47,"3,100.66",failed,89,US,"3,100.66"
1000620551,Islamic World - Strategic gaming with Islamic values,Mobile Games,Games,GBP,2014-08-19 12:52:57,1925,2014-07-20 12:52:57,293,failed,5,GB,500.633908
1000624031,Hangar 1 Foundation,Flight,Technology,USD,2014-10-18 19:40:43,8500,2014-09-03 19:40:43,1355,failed,4,US,1355
1000627718,Adele's Heart is Going to Edinburgh,Theater,Theater,USD,2012-06-18 14:33:11,7500,2012-05-14 14:33:11,8315,successful,67,US,8315
1000629643,ODIN: Android 'Smart' Projector to Carry in Your Pocket,Hardware,Technology,USD,2014-07-08 5:59:00,250000,2014-05-28 13:54:18,268192,successful,561,US,268192
1000638156,Jenny's Photography - Start own business and travel!!,Fine Art,Photography,GBP,2014-08-29 18:14:06,500,2014-07-30 18:14:06,10,failed,1,GB,16.9818498
1000639526,Kaleidoscope Man,Film & Video,Film & Video,GBP,2012-12-22 3:59:00,60000,2012-11-15 22:46:18,5487,failed,90,GB,"8,715.62"
1000644119,OperaciÛn Douve,Action,Film & Video,EUR,2016-05-01 19:09:05,100,2016-03-02 19:09:05,20,failed,2,ES,21.7678072
1000648117,42 Sketches 2013,Art Books,Publishing,USD,2013-04-07 22:16:10,1000,2013-03-18 21:16:10,"2,883.50",successful,78,US,"2,883.50"
1000648918,"ADVENT SAGA, DIGITAL TACTICAL CARD GAME",Video Games,Games,USD,2014-07-31 16:01:41,70000,2014-07-01 16:01:41,"15,542.11",failed,260,US,"15,542.11"
1000650960,"Crap Amidst Hilarity, vol. 1",Playing Cards,Games,USD,2016-03-22 0:36:45,7500,2016-01-22 1:36:45,942.25,failed,55,US,942.25
1000654344,"Packable, Fashionable & Protective; the ULTIMATE sun hat.",Fashion,Fashion,USD,2014-06-07 1:00:00,36000,2014-05-01 17:36:59,"91,003.67",successful,750,US,"91,003.67"
1000656794,VoxCube - 8x8x8 RGB LED chainable cubes,Makerspaces,Technology,AUD,2016-04-01 0:15:02,129000,2016-03-02 0:15:02,"11,601.50",failed,32,AU,"8,267.42"
1000659557,New world disorder,Punk,Music,USD,2016-07-05 1:46:00,5000,2016-06-05 18:46:18,0,failed,0,US,0
1000674477,"""GENERATION FX"" a documentary film.",Documentary,Film & Video,USD,2012-12-09 4:57:11,100000,2012-10-10 4:57:11,8085,failed,37,US,8085
1000682368,"Rack and Ruin, Out of Orbit 3",Fiction,Publishing,GBP,2015-06-17 21:52:36,2500,2015-05-18 21:52:36,1315,failed,29,GB,"2,068.07"
1000684975,Help me prepare for an upcoming art show,Painting,Art,USD,2016-04-24 21:25:41,1200,2016-03-10 21:25:41,2,failed,2,US,2
1000694855,STREETFIGHTERZ WHEELIE MURICA,Film & Video,Film & Video,USD,2014-09-20 6:59:00,6500,2014-08-06 21:28:36,555,undefined,0,"N,""0",
1000697657,The Forever Rechargeable Talking Super Capacitor Flashlight,Hardware,Technology,CAD,2013-10-23 23:36:49,2000,2013-09-23 23:36:49,656,failed,18,CA,636.7775928
1000699196,COVENANT,Jazz,Music,USD,2014-12-07 18:02:15,32000,2014-11-07 18:02:15,4670,failed,42,US,4670
1000707541,Elephant Gun Media Blitzkrieg,Music,Music,USD,2011-11-04 6:00:00,777,2011-10-20 23:51:42,923,successful,36,US,923
1000710630,Our Shared Stories: An Afghan Diary,Anthologies,Publishing,USD,2016-08-20 16:22:04,7500,2016-07-06 16:22:04,9500,successful,86,US,880
1000719127,The Gentle Art Of Tutelage,Narrative Film,Film & Video,USD,2013-03-20 18:38:31,50000,2013-01-19 18:38:31,2161,failed,26,US,2161
1000725978,"Air Bonsai | Create your ""little star""",Product Design,Design,USD,2016-03-01 12:18:00,80000,2016-01-21 12:18:00,843743,successful,3784,US,843743
1000727191,"Canadian Invasion's ""Choose Your Own Adventure"" Album",Pop,Music,USD,2010-12-20 5:59:00,2000,2010-10-26 1:17:27,2036,successful,38,US,2036
1000727905,Wrist Covers,Product Design,Design,USD,2015-04-24 19:39:59,9500,2015-02-23 19:39:59,0,failed,0,US,0
1000741180,High Stakes: A Short Film,Shorts,Film & Video,USD,2013-11-03 21:55:16,5000,2013-10-09 21:55:16,5120,successful,81,US,5120
1000741387,Fomatek: Foam Laptop Desks & Music Stands Elevate your Gear.,Product Design,Design,USD,2015-09-26 22:02:59,10000,2015-08-27 22:02:59,805,failed,10,US,805
1000752960,100 Risings,Documentary,Film & Video,GBP,2014-07-10 10:36:20,500,2014-06-10 10:36:20,10,failed,1,GB,16.8060166
1000754401,Sky Scrapers Project,Tabletop Games,Games,USD,2015-06-16 21:44:40,50000,2015-05-17 21:44:40,1825,failed,32,US,1825
1000758916,Keys to the Moon's First Full Length Album!,Music,Music,USD,2016-10-01 5:59:00,4000,2016-09-01 15:32:07,4629,successful,37,US,15
1000767040,Strait Jacket ñ Tangle Prevention For Headphones,Product Design,Design,USD,2016-11-23 3:35:51,30000,2016-10-24 3:35:51,1041,canceled,46,US,549
1000770149,Worrisome Wilf's Beastly Bedtime,Children's Books,Publishing,GBP,2013-06-12 13:59:23,5500,2013-05-13 13:59:23,5721,successful,140,GB,"8,787.83"
1000772297,"Airfoil Click Pen: Aviation Inspired, for gel & rollerball",Product Design,Design,USD,2014-10-05 8:00:00,5000,2014-09-09 20:17:23,26407,successful,327,US,26407
1000776914,"VLC for the new Windows 8 User Experience (""Metro"")",Software,Technology,GBP,2012-12-29 13:54:50,40000,2012-11-29 13:54:50,"47,056.86",successful,3080,GB,"75,365.14"
1000777557,Raise funds for the new JonathanGluck and the Wayward Kind album!,Rock,Music,USD,2010-09-19 5:59:00,4000,2010-07-30 23:23:15,30,failed,2,US,30
1000781363,The Spider and the Fly,Children's Books,Publishing,USD,2014-07-09 9:10:06,19650,2014-06-09 9:10:06,20313,successful,164,US,20313
1000781512,Knock Down Drag Out,Shorts,Film & Video,USD,2012-01-10 5:59:00,800,2011-12-09 0:23:22,850,successful,19,US,850
1000785030,Day of the Dead Tyrion Lannister Calavera Vinyl Stickers,Illustration,Art,USD,2015-01-17 4:12:23,275,2015-01-03 4:12:23,642,successful,40,US,642
1000786724,Harold VS The Horde,Video Games,Games,USD,2015-01-18 7:49:11,14000,2014-12-19 7:49:11,113,failed,18,US,113
1000788629,Camille Peruto - NEW ALBUM,Pop,Music,USD,2016-07-06 0:02:52,15000,2016-05-07 0:02:52,18009,successful,69,US,18009
100078996,APP - CUSTOM SHOES/ Calzado Personalizado - MADAME MARIAN,Apps,Technology,MXN,2016-12-21 6:59:00,55000,2016-11-19 4:05:23,1700,live,7,MX,2.450925
1000802137,Tye's Photographic Journey.,People,Photography,USD,2015-12-12 7:06:24,2500,2015-11-12 7:06:24,0,failed,0,US,0
1000811882,The Sword of Asumi Visual Novel,Video Games,Games,GBP,2014-11-10 11:30:00,2500,2014-10-19 20:35:23,3097,successful,107,GB,"4,983.78"
1000823935,Wax Stacks LP Record Crates,Design,Design,USD,2015-07-15 17:55:05,35000,2015-06-15 17:55:05,39209,successful,120,US,39209
1000827504,The JANIS JOPLIN Project (Canceled),Photography,Photography,USD,2012-08-21 5:09:00,11000,2012-07-10 2:31:19,75,canceled,1,US,75
1000834930,Strawberry Fields CafÈ and Patisserie,Food,Food,CAD,2017-01-23 17:14:00,50000,2016-12-01 21:16:27,0,live,0,CA,0
1000844246,Tofu: Stylish T-Shirts that are Made by Freedom,Apparel,Fashion,USD,2015-08-10 5:30:00,3000,2015-07-22 15:31:10,23079,successful,140,US,23079
1000850525,American Confines vol 1: Cincinnati in 52,Photobooks,Photography,USD,2016-07-20 5:59:00,17500,2016-06-20 8:10:03,656,failed,14,US,615
1000853310,Good Company,Shorts,Film & Video,USD,2012-02-27 4:22:17,500,2012-01-28 4:22:17,5,failed,1,US,5
1000865260,"Launch ""Romeo and Juliet in Yiddish"" in New York City",Film & Video,Film & Video,USD,2011-06-10 22:17:10,5000,2011-05-17 22:17:10,0,failed,0,US,0
1000869383,The Case of the Silent Girl - a dark Sherlock Holmes tale,Comics,Comics,SEK,2016-07-18 20:16:00,4450,2016-06-18 20:16:00,8503,successful,47,SE,409.5424954
1000883509,Chasing Blue at The Trans Theatre Festival,Festivals,Theater,USD,2016-06-01 6:59:00,4000,2016-04-29 19:53:22,4813,successful,105,US,4813
1000885772,Mooli London | Designer Camera & Tech Bag - The Hampton,Product Design,Design,GBP,2015-10-10 0:59:00,15000,2015-09-04 16:33:23,15267,successful,85,GB,"23,358.14"
100089599,CLOTHING LABEL WITH A 90's STATE OF MIND - MADE IN FRANCE,Apparel,Fashion,EUR,2016-12-18 18:51:27,3286,2016-11-18 18:51:27,2866,live,32,FR,427.944796
1000896053,The Ultimate Custom Shark Rig,Product Design,Design,USD,2015-04-24 15:58:46,8000,2015-03-25 14:58:46,0,failed,0,US,0
100091944,Climbing 4 Kidz,Film & Video,Film & Video,CAD,2014-05-08 15:37:00,38875,2014-04-09 22:39:16,0,failed,0,CA,0
1000922108,Tugboat Collective's Inaugural Season,Theater,Theater,USD,2012-10-11 4:00:00,9000,2012-09-12 5:32:06,10046,successful,115,US,10046
1000932522,Geocaching Trading Cards - History Series II,Games,Games,USD,2013-03-03 20:14:41,1500,2013-02-01 20:14:41,1620,successful,52,US,1620
1000937140,The FUN n' EASY CookBook For Children's Well.....Fun Cooking,Publishing,Publishing,USD,2012-12-09 17:59:00,3500,2012-11-07 19:53:01,0,failed,0,US,0
1000940032,Space Trucker,Video Games,Games,USD,2016-12-08 8:20:27,150,2016-11-08 8:20:27,60,live,4,US,25
1000942804,High,Documentary,Film & Video,USD,2016-07-02 4:55:34,5250,2016-06-02 4:55:34,0,failed,0,US,0
1000953875,Club Wick3d,Video Games,Games,USD,2015-03-23 21:28:42,300000,2015-01-22 22:28:42,1,failed,1,US,1
1000968500,Modern Handmade Ceramics: Paper & Clay,Ceramics,Art,USD,2013-05-24 4:48:33,3000,2013-05-10 4:48:33,4386,successful,94,US,4386
1000983983,Join me in completing my first Solo Project CD!,Pop,Music,USD,2011-09-30 22:05:00,2000,2011-08-09 23:19:09,170,failed,7,US,170
1000988678,Ashley's Beauty Tool Organizer Kit,Crafts,Crafts,USD,2014-08-30 0:59:00,7000,2014-08-06 21:31:52,0,failed,0,US,0
1000992739,Quick Query - Relaunch!,Playing Cards,Games,USD,2014-08-18 19:02:26,750,2014-07-19 19:02:26,1207,successful,56,US,1207
1000997384,"Quick, The Clockwork Knight Volume #2",Comics,Comics,USD,2014-06-03 7:59:00,2000,2014-04-16 5:25:22,2585,successful,105,US,2585
1001000566,WrittenWitheArt,Publishing,Publishing,USD,2014-03-05 19:00:00,1500,2014-02-04 1:30:08,1500,successful,26,US,1500
100101389,"Uptown Juice Company: Local, cold-pressed goodness",Food,Food,USD,2014-04-01 8:59:00,25000,2014-02-25 0:15:17,30066,successful,161,US,30066
100101652,Objecthood: A Story of an Imagined Economy (Canceled),Art Books,Publishing,USD,2011-08-12 18:25:00,15000,2011-07-22 0:28:16,25,canceled,1,US,25
1001019464,Strain Wars: Playing cards,Playing Cards,Games,USD,2016-07-31 11:18:43,5000,2016-07-16 11:18:43,176,failed,6,US,100
1001020080,Wood Floor Fundraiser,Dance,Dance,USD,2015-08-16 17:13:30,1200,2015-08-11 17:13:30,1205,successful,21,US,1205
100102338,Water Purification System Using Solar Evacuated Tube,Product Design,Design,USD,2016-04-28 23:36:17,150,2016-04-08 23:36:17,218,successful,15,US,218
1001028167,Steel Cathedrals- Short poems for the digital age.,Poetry,Publishing,GBP,2013-07-28 23:17:04,4000,2013-06-28 23:17:04,20,failed,1,GB,30.6621492
1001033266,The Chameleon Chronicles: Colors of Fate,Fiction,Publishing,USD,2014-12-23 5:00:00,500,2014-12-03 4:26:07,1,failed,1,US,1
1001035783,Once Were Ghosts - Ephemeral 7-Song EP,Indie Rock,Music,USD,2011-06-14 9:00:07,1000,2011-04-15 9:00:07,0,failed,0,US,0
1001042227,Via ChicñOneClutchô,Product Design,Design,USD,2015-08-14 3:47:54,75000,2015-06-30 3:47:54,1736,failed,21,US,1736
1001043181,Afraid So Galileo Album,Rock,Music,USD,2016-06-26 11:39:38,5500,2016-05-27 11:39:38,0,failed,0,US,0
1001048123,Paterson Falls Film Festival,Film & Video,Film & Video,USD,2013-05-03 3:09:07,1500,2013-04-03 3:09:07,1612,successful,27,US,1612
1001057158,Thailand country side,Photography,Photography,USD,2014-10-25 21:23:18,17000,2014-08-26 21:23:18,35,failed,2,US,35
1001064677,Equinox: my first comic (genre: fantasy),Comics,Comics,USD,2011-06-04 21:36:40,5150,2011-04-25 21:36:40,"5,965.50",successful,97,US,"5,965.50"
1001077166,Student Operated Fabrication Lab,Fabrication Tools,Technology,USD,2012-07-11 13:55:42,5000,2012-06-11 13:55:42,5000,successful,57,US,5000
1001086968,Nurse Mare Foals: Born to Die,Documentary,Film & Video,USD,2015-01-06 19:45:47,20000,2014-12-07 19:45:47,22421,successful,383,US,22421
1001087429,The Bird Nerd,Comedy,Film & Video,GBP,2014-07-03 16:00:20,400,2014-06-03 16:00:20,1065,successful,36,GB,"1,783.51"
1001087682,Funky Grits - fast casual diner pairing music with the menu!,Restaurants,Food,USD,2015-10-01 6:59:00,100000,2015-09-03 17:32:07,1600,failed,13,US,1600
1001093391,The Great Kentucky Goblin Spree,Film & Video,Film & Video,USD,2014-03-21 20:04:07,5500,2014-02-19 21:04:07,6614,successful,88,US,6614
1001115961,Made From Scratch,Restaurants,Food,USD,2015-08-31 18:33:56,25000,2015-08-01 18:33:56,0,failed,0,US,0
1001116225,Pierced Hearts Tattoo Boutique Start Up,Art,Art,USD,2015-05-13 13:40:11,5000,2015-03-14 12:40:11,0,failed,0,US,0
1001126692,Pole Diversity: A Showcase of Acrobatic Dance (Part Two),Performances,Dance,USD,2015-09-19 2:00:00,450,2015-08-19 21:02:03,160,failed,4,US,160
1001132597,A New Omni-Wheel. A mechanical innovation created for robots,Hardware,Technology,USD,2016-06-24 16:19:03,3500,2016-05-25 16:19:03,107,failed,7,US,107
1001135664,BrewStick ~ carboy ruler,Food,Food,USD,2014-03-24 21:45:11,22500,2014-02-22 22:45:11,50,failed,2,US,50
1001136944,Open Fiesta Arts Store dreaming big in San Antonio,Sculpture,Art,USD,2016-03-05 0:50:26,5000,2016-01-20 0:50:26,52,failed,4,US,52
1001137002,Opening Portals DVD,Documentary,Film & Video,GBP,2014-03-28 9:27:50,2000,2014-02-26 10:27:50,0,failed,0,GB,0
1001143049,Nutty Nations: Re-Imagining Learning Through Games,Mobile Games,Games,USD,2014-12-01 12:24:36,25000,2014-10-24 12:24:36,18431,canceled,71,US,18431
1001149306,Night Terrors: Garden of Limbo,Fiction,Publishing,USD,2014-01-05 20:23:31,350,2013-12-06 20:23:31,1067,successful,14,US,1067
100114978,Inclusive Toolkit: tools for iOS & OS X app accessibility,Software,Technology,GBP,2015-06-13 3:00:00,5500,2015-05-13 13:20:01,7157,successful,184,GB,"11,147.99"
1001156528,Greek4Fun,Video Games,Games,USD,2012-05-09 15:07:15,12000,2012-04-09 15:07:15,686,failed,14,US,686
1001157858,Hood's Up Brewery,Drinks,Food,USD,2015-06-21 5:00:00,28000,2015-05-15 20:39:33,12024,failed,62,US,12024
1001159174,Fooju Dance Collaborative,Performances,Dance,USD,2014-12-21 8:02:19,1500,2014-11-21 8:02:19,1900,successful,47,US,1900
1001165113,CHRIS CRITELLI RECORDS HIS DEBUT EP!,Pop,Music,USD,2013-09-05 4:02:22,10000,2013-08-06 4:02:22,11713,successful,195,US,11713
10011702,Piero Marsili,Documentary,Film & Video,GBP,2016-08-09 17:51:08,10000,2016-06-30 17:51:08,0,failed,0,GB,0
1001181420,Sleeping in a Truck,Rock,Music,USD,2009-07-15 4:58:00,10000,2009-06-20 22:15:06,10328,successful,65,US,10328
1001188527,Design Your Own Leatherjacket,Fashion,Fashion,EUR,2016-06-14 22:04:54,2000,2016-05-29 22:04:54,2028,successful,7,DE,"2,254.15"
1001190550,Sanfilippo Wing it!,Accessories,Fashion,EUR,2016-06-26 23:59:00,10000,2016-05-15 22:43:59,855,failed,25,DE,966.7593072
1001217929,LEGO Imagination Lab,Animation,Film & Video,USD,2014-03-16 22:56:40,2500,2014-02-14 23:56:40,"1,186.69",failed,15,US,"1,186.69"
1001218320,Arkham Source Book,Games,Games,USD,2012-08-12 5:33:44,800,2012-06-13 5:33:44,45,failed,3,US,45
1001223817,Finishing & Festival Funds - The Final Stage - short film,Shorts,Film & Video,USD,2016-09-18 2:01:00,2000,2016-08-29 22:44:12,310,failed,9,US,75
1001227372,Lonely House Films: Adam Hope,Film & Video,Film & Video,USD,2012-06-09 7:43:31,"3,397.98",2012-05-10 7:43:31,50,failed,1,US,50
1001230250,Open A.I.R.,Art,Art,USD,2010-07-12 22:00:00,3000,2010-05-12 21:45:14,3125,successful,55,US,3125
1001242672,At Home in Maine: A Film Series About Homebirth and Midwives,Documentary,Film & Video,USD,2011-09-15 17:35:43,10000,2011-08-01 17:35:43,1765,failed,34,US,1765
1001243185,The FUSIONproject,Documentary,Film & Video,USD,2011-04-24 1:08:46,5000,2011-03-24 0:08:46,100,failed,1,US,100
1001243867,Lego Batman: Zombie Genesis Series,Animation,Film & Video,GBP,2013-06-04 10:17:24,125,2013-05-14 10:17:24,242,successful,19,GB,371.5388926
1001244864,Digitizing My Family,Family,Film & Video,USD,2014-12-06 6:59:00,3500,2014-11-05 15:50:51,3585,successful,43,US,3585
100124630,"""Progress"" The Steampunk Series - Season 2",Film & Video,Film & Video,USD,2015-09-05 3:19:15,40000,2015-08-06 3:19:15,733,failed,18,US,733
1001251896,Winter Writing Residency,Art,Art,USD,2012-02-15 17:59:00,1000,2012-01-28 19:07:32,1145,successful,21,US,1145
1001259618,DOME Shades: Sunglasses for Big Heads,Accessories,Fashion,USD,2015-03-31 21:13:42,10000,2015-02-25 21:13:42,3238,failed,36,US,3238
1001263250,A Portrait a Day 365 Challenge,Painting,Art,USD,2014-12-25 17:43:46,30000,2014-11-25 17:43:46,1152,failed,9,US,1152
1001265769,XPUMP | TURN ANY SOUND SOURCE INTO A HOME THEATER EXPERIENCE,Sound,Technology,USD,2016-10-21 10:00:03,25000,2016-09-06 10:00:03,227673,successful,2278,US,16679
1001270191,Complete Paine's Skatepark,Public Art,Art,USD,2013-04-03 23:01:25,10000,2013-03-14 22:01:25,"11,511.10",successful,177,US,"11,511.10"
1001279854,Westward #8,Comic Books,Comics,USD,2014-07-31 18:00:00,2500,2014-06-25 17:27:43,2611,successful,75,US,2611
1001292387,TIBA Putt: A personal approach to improve your putting,Product Design,Design,USD,2014-05-14 4:54:04,9225,2014-04-14 4:54:04,1076,failed,32,US,1076
1001295591,Ghost Herds: Rescuing horses and horse people in Kentucky,Nonfiction,Publishing,USD,2013-02-25 3:06:59,2200,2013-01-26 3:06:59,2510,successful,31,US,2510
100130008,Gideon's Epic Forge,Sculpture,Art,USD,2014-08-30 23:40:01,550,2014-07-31 23:40:01,708,successful,23,US,708
1001302832,"The Farmer, the Bean and the Holy Roast",Food,Food,USD,2013-02-21 22:58:00,3500,2013-01-22 22:58:00,1278,failed,29,US,1278
1001303993,A Jessica Rabbit Production,Music,Music,USD,2012-07-16 6:59:00,1300,2012-06-28 5:56:40,625,failed,10,US,625
1001304256,FINAL HOURS!!! Kira Kira Rainbow Unicorn Stickers!,Stationery,Crafts,AUD,2016-01-17 9:03:53,250,2016-01-02 9:03:53,1009,successful,39,AU,734.3896721
1001328623,Belleflower - A Feature Film,Narrative Film,Film & Video,USD,2014-05-28 23:32:26,2500,2014-05-07 23:32:26,"3,863.37",successful,42,US,"3,863.37"
1001333672,Mutant Plants: A Guide (Canceled),Nonfiction,Publishing,GBP,2013-08-03 11:17:47,1000,2013-07-04 11:17:47,55,canceled,6,GB,83.3424251
1001338336,MAB MINDZ AT SOUND SET 2014,Apparel,Fashion,USD,2014-05-09 6:30:00,1500,2014-04-22 2:33:09,247,failed,9,US,247
1001338443,Lei,Film & Video,Film & Video,GBP,2016-04-17 0:00:00,370,2016-03-24 18:44:13,495,successful,17,GB,703.1999156
1001339505,"""The Get Back"" an adaptation of Wrong Becomes Me",Narrative Film,Film & Video,USD,2010-08-03 5:59:00,9000,2010-06-24 13:34:32,171,failed,8,US,171
1001340544,The Bicycle Bus,Public Art,Art,USD,2013-03-25 12:00:00,4500,2013-02-20 20:45:04,5263,successful,107,US,5263
100134337,Danger! Extreme Lawn Darts (Canceled),Video Games,Games,USD,2012-05-30 21:11:19,10000,2012-05-15 21:11:19,60,canceled,3,US,60
1001344493,My 1st Cookbook (for children),Children's Books,Publishing,USD,2013-07-29 5:00:00,3800,2013-06-29 2:37:50,272,failed,9,US,272
1001348491,Glory of the Three Kingdoms - Guandu Core Set,Tabletop Games,Games,USD,2012-12-07 14:43:27,7000,2012-10-23 14:43:27,7782,successful,130,US,7782
1001352451,The Great Apple Pie,Farmer's Markets,Food,CAD,2014-08-15 5:03:30,15,2014-07-16 5:03:30,6,failed,2,CA,5.58970452
1001353002,The Project Unknown (Canceled),Video Games,Games,NOK,2015-11-07 18:59:12,50000,2015-09-08 18:59:12,5,canceled,1,NO,0.6021172
1001353112,It belongs to the world: Ackermann's Repository of Arts!,Fashion,Fashion,USD,2013-07-05 2:50:48,5000,2013-06-05 2:50:48,0,failed,0,US,0
1001368898,Riposte (Canceled),Video Games,Games,EUR,2015-11-18 20:10:12,15000,2015-10-19 20:10:12,1030,canceled,28,NL,"1,168.94"
1001373564,"Chill Puck - Keep your beverage colder, longer.",Product Design,Design,USD,2013-05-08 21:01:00,7500,2013-04-10 2:00:27,41759,successful,1127,US,41759
1001377540,Heroes And Other Strangers at FringeNYC,Theater,Theater,USD,2011-07-02 4:53:00,1971,2011-05-30 5:52:57,"2,308.50",successful,53,US,"2,308.50"
1001404128,Project World,Photography,Photography,GBP,2014-04-30 1:00:00,20000,2014-03-26 0:45:57,25,failed,2,GB,41.2023165
1001423755,Single Track - contemporary art gallery and espresso bar,Art,Art,GBP,2013-11-22 21:08:11,9900,2013-10-23 21:08:11,10015,successful,85,GB,"16,151.58"
1001432466,The Great Fly Cup Bake Off,Events,Food,GBP,2015-09-08 20:29:42,250,2015-08-09 20:29:42,340,successful,17,GB,526.8336516
1001435839,"Un Amour Oublie ""a love forgotten""",Animation,Film & Video,USD,2015-06-10 19:37:54,5000,2015-05-11 19:37:54,0,failed,0,US,0
1001442355,In the Loop: A Resource Strategy Game for Tomorrow's Leaders,Tabletop Games,Games,USD,2015-08-07 14:01:20,10000,2015-07-08 14:01:20,14414,successful,102,US,14414
100144828,Sasha's Fashion Show - Spectacle,Fashion,Fashion,USD,2014-03-21 22:31:00,1750,2014-03-03 21:40:06,2190,successful,51,US,2190
1001468086,Bass River Press,Poetry,Publishing,USD,2015-04-05 19:58:58,2000,2015-03-06 19:58:58,325,failed,6,US,325
100147142,Betul Soykan Records Joaquin Turina Violin Works CD Project,Classical Music,Music,USD,2014-09-24 2:33:39,2250,2014-08-25 2:33:39,40,failed,4,US,40
1001473842,Food truck for the world.,Food Trucks,Food,USD,2015-09-15 17:28:20,2000,2015-08-31 17:28:20,0,failed,0,US,0
1001476723,Publishing The Occupy Portraits,Photography,Photography,USD,2014-07-09 7:23:53,60000,2014-05-10 7:23:53,10820,failed,71,US,10820
1001484182,Daweyu Hills ñ Crop to Cup,Drinks,Food,USD,2015-10-15 21:01:47,25000,2015-09-15 21:01:47,25816,successful,172,US,25816
1001490622,TimeChatô (Canceled),Apps,Technology,AUD,2014-10-24 21:05:58,33000,2014-09-23 21:05:58,1110,canceled,5,AU,991.4759871
100149523,Duncan Woods - Chameleon EP,Music,Music,AUD,2015-08-25 23:00:00,4500,2015-08-04 12:05:17,4767,undefined,0,"N,""0",
1001498884,Peripheral vision - short film,Shorts,Film & Video,AUD,2015-06-02 10:16:59,250,2015-05-08 10:16:59,842,successful,17,AU,671.754016
1001503577,i do it 4 oakland,Public Art,Art,USD,2013-12-11 23:17:02,4800,2013-11-11 23:17:02,"5,080.20",successful,102,US,"5,080.20"
1001508135,Florida: A Broken Kingdom,Fiction,Publishing,USD,2014-08-15 22:27:34,7000,2014-07-16 22:27:34,0,failed,0,US,0
1001513743,Help start Jacksonville's FIRST Paint Your Own Pottery Store,Ceramics,Art,USD,2014-11-04 0:57:10,8000,2014-09-25 0:57:10,100,failed,1,US,100
1001516983,Baby Boom Baby Bag,Fashion,Fashion,GBP,2013-09-28 13:33:00,1500,2013-08-28 18:58:44,279,failed,12,GB,434.3548195
1001524172,Scar Tissue,Photography,Photography,USD,2011-07-24 14:43:02,6000,2011-06-09 14:43:02,6022,successful,20,US,6022
1001527526,STAGNANT POOL enters post-production,Shorts,Film & Video,CAD,2013-12-25 20:31:21,7500,2013-11-25 20:31:21,8422,successful,96,CA,"8,008.11"
1001529115,I Am Pro-movement:,Apparel,Fashion,USD,2016-02-15 23:37:18,20000,2015-12-17 23:37:18,1591,failed,6,US,1591
1001529854,Billion Dollar Project,Graphic Design,Design,AUD,2016-01-16 10:38:26,200,2015-12-17 10:38:26,0,failed,0,AU,0
1001542282,You in a novel,Publishing,Publishing,EUR,2015-11-09 23:03:21,1000000,2015-09-10 23:03:21,10,failed,1,IT,11.1809798
1001543887,Peak View Brewing Company,Drinks,Food,USD,2016-10-10 14:25:04,15000,2016-09-10 14:25:04,15018,successful,145,US,1015
1001548662,Audience of Death (Canceled),Fiction,Publishing,USD,2015-04-17 0:58:03,4500,2015-03-03 0:58:03,0,canceled,0,US,0
1001556760,Finding Black Love: The Documentary,Documentary,Film & Video,USD,2012-04-01 23:40:14,15000,2012-02-01 23:40:14,785,failed,13,US,785
1001560762,""" The Patch, Organics """,Comics,Comics,USD,2014-12-23 3:21:18,65000,2014-11-23 3:21:18,50,failed,2,US,50
1001565620,Virtual Addiction Recovery Website & Phone App/ Saving life,Apps,Technology,USD,2015-06-28 16:49:07,8500,2015-04-29 16:49:07,0,failed,0,US,0
1001566226,Fatnek Clothing Sublimation Series of T-shirts.,Fashion,Fashion,GBP,2013-08-01 21:53:59,600,2013-07-02 21:53:59,138,failed,7,GB,209.9347839
1001567779,Titanium Whiskey Glass - The EPIC Drinking Glass,Product Design,Design,USD,2014-07-27 17:24:06,999,2014-06-27 17:24:06,13757,successful,75,US,13757
1001570537,WHAT CHILDREN DO - A Feature Length Comedy,Comedy,Film & Video,USD,2016-03-25 19:40:21,15000,2016-02-23 20:40:21,"15,040.33",successful,192,US,"15,040.33"
1001573862,College Spring Break Review,Web,Technology,USD,2015-03-28 18:35:55,9000,2015-02-26 19:35:55,0,failed,0,US,0
1001575705,Tall Tales: An evening of dance with ChoreoJoey,Performances,Dance,USD,2016-08-07 3:30:00,3000,2016-07-21 5:18:26,5,failed,1,US,0
1001576108,Light Comes In,Music,Music,USD,2016-06-25 7:33:13,7000,2016-05-28 7:33:13,7453,successful,138,US,7336
1001578248,WOOD FIRED OVEN FOR OUR GROWING COMMUNITY,Spaces,Food,EUR,2015-11-21 23:10:38,20000,2015-10-22 23:10:38,185,failed,9,IT,210.135099
100158537,The Traps - 2nd Record Vinyl Release,Indie Rock,Music,GBP,2015-08-01 21:01:00,2000,2015-06-09 13:59:01,2712,successful,80,GB,"4,140.00"
1001591110,Rocky Horror Saved My Life - A Fan Documentary,Documentary,Film & Video,USD,2013-11-01 1:00:00,50000,2013-09-02 2:06:49,"66,554.56",successful,665,US,"66,554.56"
1001600663,CLEX - 4 in 1 Smart Device (Canceled),Gadgets,Technology,USD,2016-07-18 22:56:06,50000,2016-06-13 22:56:06,5650,canceled,22,US,5650
100161658,Songs of the Damned Jake Brock's Latest Album.,Rock,Music,USD,2012-10-13 15:28:07,15000,2012-08-24 15:28:07,130,failed,4,US,130
100162622,Circa Vitae requests crowd fundage to record our full length album... TO VINYL!!!,Indie Rock,Music,USD,2009-11-01 7:59:00,2000,2009-08-06 23:19:55,80,failed,4,US,80
1001639879,Stiletto Red's New EP,Rock,Music,USD,2014-07-12 1:24:01,3500,2014-06-12 1:24:01,1005,failed,19,US,1005
1001639910,Bucks County: the Movie,Film & Video,Film & Video,USD,2011-04-12 17:34:45,10000,2011-02-25 17:34:45,0,failed,0,US,0
1001650469,LazerShirts! Not Just Another Shirt,Design,Design,USD,2011-10-01 20:44:42,7000,2011-09-01 20:44:42,"8,952.22",successful,207,US,"8,952.22"
1001656127,"Country Christian album titled ""I Believe""",Country & Folk,Music,USD,2013-11-13 16:00:00,5000,2013-10-28 16:41:11,140,failed,4,US,140
1001685760,Wholesters- A new way to Whold your things!,Fashion,Fashion,USD,2011-05-29 1:03:16,1,2011-04-29 1:03:16,566,successful,3,US,566
1001687258,Stamped,Apps,Technology,USD,2016-01-22 15:36:49,500,2015-11-23 15:36:49,0,failed,0,US,0
1001696224,Ripple Analysis: Bringing Animation to Life,Product Design,Design,USD,2014-05-15 18:00:00,40000,2014-04-22 17:47:55,326,failed,4,US,326
1001704257,Croc2Pop - Where kids manage dad's digital addiction,Apps,Technology,USD,2014-08-20 21:25:58,1000,2014-07-21 21:25:58,0,failed,0,US,0
1001708060,Carolina's Hottest,Webseries,Film & Video,USD,2016-03-08 3:05:04,500000,2016-01-08 3:05:04,0,failed,0,US,0
100171056,TULIPS,Photobooks,Photography,USD,2014-12-19 5:00:00,18000,2014-11-12 21:35:13,18625,successful,167,US,18625
1001711592,Ignis Fatuus Comic Project,Comics,Comics,USD,2014-04-11 18:05:26,1000,2014-03-12 17:05:26,1,failed,1,US,1
1001714289,HoodRatz,Shorts,Film & Video,USD,2012-06-26 6:00:00,800,2012-05-30 23:40:22,1072,successful,18,US,1072
1001723373,Kingdom: The Space Exploration RPG,Tabletop Games,Games,USD,2013-01-27 23:48:07,6000,2012-11-28 23:48:07,4636,failed,76,US,4636
1001726950,Leonard Hodgins - Components,Indie Rock,Music,CAD,2015-05-22 22:00:52,3500,2015-04-07 22:00:52,51,failed,2,CA,40.87003473
1001732009,DotPen : Redefines drawing and writing for smart devices,Product Design,Design,USD,2014-08-09 21:17:10,25000,2014-06-30 21:17:10,39693,suspended,647,US,39693
1001751835,C R O S S T O W N - help us finish our feature film,Narrative Film,Film & Video,USD,2012-12-21 20:33:20,12500,2012-11-06 20:33:20,12857,successful,32,US,12857
1001762923,Spicing it Up at Whipped & Beaten Culinary Works,Food,Food,USD,2013-03-21 15:01:14,2500,2013-02-19 16:02:28,3712,successful,125,US,3712
1001768094,Grilling with Beer cookbook,Nonfiction,Publishing,USD,2011-03-28 18:00:00,28000,2011-01-27 4:47:46,3775,failed,40,US,3775
1001778275,The Womanhood Short Film Fundraiser,Shorts,Film & Video,USD,2011-06-19 16:53:11,500,2011-05-15 16:53:11,600,successful,25,US,600
1001780885,Sunrise Diaries,Art,Art,USD,2012-12-14 17:34:18,5500,2012-11-14 17:34:18,"7,498.77",successful,118,US,"7,498.77"
1001786083,Me and my Tommy,Nonfiction,Publishing,USD,2015-05-08 18:08:23,25000,2015-03-09 17:08:23,0,failed,0,US,0
1001787855,"First Solo exhibition in a recognised gallery, next step up!",Painting,Art,NZD,2015-05-10 22:08:55,10900,2015-04-01 22:08:55,11066,successful,26,NZ,"8,298.24"
1001796633,Bromotion,Documentary,Film & Video,USD,2012-08-10 17:00:00,4000,2012-07-07 2:09:14,296,failed,12,US,296
100181036,FILM PROJECT: A HISTORY OF COMING OUT,Documentary,Film & Video,USD,2013-07-21 22:31:28,20000,2013-06-21 22:31:28,756,failed,9,US,756
1001813414,Off grid electricity (Canceled),Product Design,Design,AUD,2016-07-03 5:57:49,15000,2016-05-29 5:57:49,217,canceled,7,AU,156.6900146
1001814122,Savage Thunderscape!,Tabletop Games,Games,USD,2015-06-20 5:00:00,7500,2015-05-17 17:49:01,9125,successful,182,US,9125
1001817414,THE MC TYPE: BAD TATTOOS VOL. 3,Hip-Hop,Music,USD,2013-06-20 19:19:16,1000,2013-05-21 19:19:16,1221,successful,54,US,1221
1001820357,No Man Is An Island,Shorts,Film & Video,USD,2014-01-05 0:10:50,25000,2013-11-21 0:10:50,25712,successful,148,US,25712
100182282,Completion of the history of Kent,Nonfiction,Publishing,GBP,2013-11-24 13:50:55,30000,2013-10-25 13:50:55,11,failed,1,GB,17.80883346
1001823329,Grandkids Record a Full-length Album!,Indie Rock,Music,USD,2011-12-06 6:59:00,7500,2011-11-05 22:21:10,"8,739.01",successful,145,US,"8,739.01"
10018239,Borders,Drama,Film & Video,GBP,2016-04-08 1:00:00,3500,2016-02-25 17:40:34,40,failed,2,GB,55.9303668
1001838811,FIREWATER,Shorts,Film & Video,USD,2012-04-11 4:00:00,750,2012-03-15 21:16:40,865,successful,20,US,865
1001839289,Annulus: Ring of Light,Documentary,Film & Video,USD,2012-03-12 12:57:50,1000,2012-02-11 13:57:50,91,failed,6,US,91
1001842762,Gospel Jazz Independant Artist - CD Project,Music,Music,USD,2011-06-18 21:34:49,7000,2011-05-19 21:34:49,100,failed,1,US,100
1001846249,Ugly Cartoons (Poorly Drawn) for Miserable People!,Comics,Comics,USD,2016-11-10 17:20:41,5000,2016-10-11 17:20:41,20,failed,3,US,0
1001856035,The Daisy Dare Project (Canceled),Mixed Media,Art,USD,2011-12-10 0:49:23,2000,2011-11-04 23:49:23,0,canceled,0,US,0
1001857288,Occupy the Left Forum Zine,Journalism,Journalism,USD,2012-04-12 3:34:00,1287,2012-03-13 1:45:25,227,failed,9,US,227
1001863639,Last Man Standing - Card/board Game Survival,Tabletop Games,Games,GBP,2016-10-24 18:13:25,3500,2016-08-25 18:13:25,45,canceled,1,GB,59.3022105
1001878319,DANCING CLASSROOMS GRVA 2013,Dance,Dance,USD,2013-02-10 13:37:11,6000,2013-01-11 13:37:11,6000,successful,63,US,6000
100188605,Daily Bread: Stories from Rural Greece,Photobooks,Photography,USD,2015-03-19 18:45:23,10000,2015-02-17 19:45:23,10290,successful,61,US,10290
1001899204,Black Knight Brick Built BBQ Grill,Food,Food,GBP,2014-10-09 19:19:14,15000,2014-08-25 19:19:14,0,failed,0,GB,0
1001904214,MKP - The Smart & Versatile Touch Screen Keyboard For All,Gadgets,Technology,GBP,2015-06-21 22:40:38,1700000,2015-04-22 22:40:38,970,canceled,4,GB,"1,444.02"
1001904397,Boating with Clyde: Adventures on the Puget Sound,Shorts,Film & Video,USD,2011-03-06 3:50:44,7500,2011-01-20 3:50:44,"8,294.63",successful,116,US,"8,294.63"
1001916592,Beyond the Victory recording their debut EP,Rock,Music,USD,2012-11-14 3:26:57,800,2012-09-25 3:26:57,815,successful,14,US,815
1001924624,THE LEAGUE OF HONOR,Comics,Comics,USD,2012-10-23 7:09:47,60000,2012-08-24 7:09:47,320,failed,6,US,320
100194308,making more bringpacks,Product Design,Design,USD,2014-09-15 6:00:00,15000,2014-08-16 6:00:13,935,failed,23,US,935
1001951313,Projecteo: The tiny Instagram projector.,Product Design,Design,USD,2012-12-19 12:19:49,18000,2012-11-14 12:19:49,"87,207.50",successful,2789,US,"87,207.50"
100196479,Digital Aristocracy: A Commoner's Guide to Digital Riches,Nonfiction,Publishing,USD,2012-05-29 19:17:25,2000,2012-05-09 19:17:25,0,failed,0,US,0
1001973436,"Lazy Glamour: Eco-Underwear - soft, sustainable, and US-made",Fashion,Fashion,USD,2014-04-17 22:28:18,20000,2014-03-18 21:28:18,1034,failed,21,US,1034
1001988165,StoryBox - What will you make today?,Mixed Media,Art,USD,2014-02-06 14:46:31,3000,2014-01-07 14:46:31,1189,failed,29,US,1189
1001989065,Cyberines #1,Comic Books,Comics,USD,2014-11-16 4:00:00,550,2014-10-26 20:29:05,3318,successful,149,US,3318
1001991458,Poems For Apostates & tales of a young Scientologist,Poetry,Publishing,USD,2014-05-31 17:47:00,10000,2014-05-01 17:47:49,101,failed,2,US,101
1001994928,Screening of Mr Turner,Movie Theaters,Film & Video,GBP,2015-03-15 11:00:00,175,2015-01-31 11:38:54,41,failed,5,GB,61.79379862
1002004487,Senior Project Short Film: Home,Shorts,Film & Video,USD,2012-09-19 3:42:20,3000,2012-08-15 3:42:20,165,failed,5,US,165
1002005884,Treasure Trapped,Documentary,Film & Video,GBP,2013-01-05 14:04:39,5500,2012-12-06 14:04:39,"5,539.69",successful,116,GB,"8,927.74"
1002007289,Suburban Daze,Narrative Film,Film & Video,USD,2013-11-25 1:12:44,25000,2013-10-26 1:12:44,1185,failed,16,US,1185
1002027893,Flyover Farm,Food,Food,USD,2012-05-07 8:36:41,5500,2012-04-16 8:36:41,6510,successful,133,US,6510
1002042898,Baby Names NOT to Name Your Newborn,Nonfiction,Publishing,USD,2015-09-14 21:42:58,3000,2015-08-05 21:42:58,80,failed,2,US,80
1002058532,LAZER EDGE Series eBike - Starting at $499!,Technology,Technology,USD,2016-04-22 23:50:06,10000,2016-03-08 23:50:06,17771,successful,27,US,17771
1002058739,American Dart Football - Where You can be the Quarterback!!,Games,Games,USD,2012-07-01 14:46:48,6055,2012-05-17 14:46:48,0,canceled,0,US,0
1002071867,InteliShake - Smart sports drinks bottle + built-in storage,Product Design,Design,USD,2014-11-13 10:24:42,20000,2014-10-13 10:24:42,20563,successful,244,US,20563
100207951,Face-To-Face: Short Film (Canceled),Shorts,Film & Video,USD,2012-07-14 8:59:00,600,2012-06-27 2:33:00,10,canceled,1,US,10
1002085616,Bailey the Golden Retriever Calendar,Animals,Photography,USD,2014-12-11 17:13:00,3000,2014-11-25 20:56:19,797,failed,27,US,797
1002087593,Paintings and Portraits! (Custom paintings),Painting,Art,USD,2014-11-20 5:00:00,350,2014-11-07 1:31:39,161,failed,2,US,161
1002089437,The Spun Monkey Dyeworks and Lounge,Art,Art,USD,2011-02-17 16:02:54,4000,2011-01-18 16:02:54,4600,successful,76,US,4600
1002098978,Lux3 ñ Wellness Lamp,Product Design,Design,EUR,2016-05-05 18:23:46,150000,2016-03-21 17:23:46,491,failed,16,IT,553.34418
1002100913,The Living Puppets: Novel,Fiction,Publishing,USD,2011-05-16 22:26:09,200,2011-04-16 22:26:09,0,failed,0,US,0
1002105969,A Romantic Christmas,Illustration,Art,GBP,2012-12-09 19:09:00,200,2012-11-26 20:58:06,58,failed,2,GB,92.98463024
1002117681,"Yemanja Caribbean Restaurant, Bar, and Hostel",Food,Food,USD,2012-09-21 18:29:37,15000,2012-08-22 18:29:37,16656,successful,160,US,16656
1002117994,Eucalyptus Wear - Environmental Clothing Company,Apparel,Fashion,USD,2015-11-27 21:34:44,1500,2015-10-28 20:34:44,0,failed,0,US,0
100212057,Jazz Funeral For Coney Island,Digital Art,Art,USD,2011-02-19 14:40:37,3000,2011-01-20 14:40:37,"3,005.33",successful,46,US,"3,005.33"
1002122038,"Self Illusion's ""Best Friend/Worst Enemy"" EP",Rock,Music,USD,2012-01-02 6:59:00,3000,2011-11-29 8:00:09,200,failed,4,US,200
1002125056,Blak.Woman.Dynamik-ReBoRn,Theater,Theater,USD,2012-02-07 22:20:59,6500,2011-12-24 22:20:59,1810,failed,21,US,1810
1002125164,Cause Art Gallery,Art,Art,USD,2014-07-16 1:27:06,4000,2014-07-01 1:27:06,0,failed,0,US,0
100212849,"ThailandMike No.1, Portfolio, hiccup tour guide & Sketchbook",Journalism,Journalism,USD,2016-05-17 5:55:00,2500,2016-04-16 14:45:26,3184,successful,27,US,3184
1002131859,Midwest Side Stories,Country & Folk,Music,USD,2016-09-12 3:00:00,20,2016-08-10 16:47:26,5075,successful,152,US,1380
1002132449,Pentimento a documentary about Rene Gimpel,Documentary,Film & Video,USD,2011-01-20 5:50:06,22000,2010-12-21 5:50:06,0,failed,0,US,0
1002132537,Mike Moreno Group - Fall 2011 Release,Jazz,Music,USD,2011-05-15 4:00:00,8000,2011-04-08 15:56:53,9137,successful,106,US,9137
1002133517,SANSIN_Band EP,Rock,Music,USD,2015-08-01 8:59:00,400,2015-07-02 1:51:05,0,failed,0,US,0
1002139381,Tales from Sheepland: from the imagination of a child,Children's Books,Publishing,USD,2014-09-09 0:54:00,2000,2014-07-31 0:54:00,2522,successful,51,US,2522
1002139540,The Kindness of Strangers,Nonfiction,Publishing,USD,2014-09-15 20:40:19,3021,2014-08-31 20:40:19,113,failed,5,US,113
1002151750,Smart Dive Buddy: Smartphone Dive Camera & Computer,Hardware,Technology,USD,2014-07-26 7:50:37,15000,2014-06-26 7:50:37,3877,failed,34,US,3877
1002182970,iPhone Skin Made From Real Apple Wood,Product Design,Design,USD,2012-06-28 16:48:45,500,2012-05-29 16:48:45,838.01,successful,31,US,838.01
1002187988,Unmasking Mental Health Photographic Project (Canceled),Photography,Photography,GBP,2013-05-16 1:00:00,300,2013-03-27 20:54:31,0,canceled,0,GB,0
1002189572,GoalZidia | Let's Reach Our Goals Together,Web,Technology,USD,2015-04-23 22:01:22,18000,2015-03-19 21:01:22,410,failed,4,US,410
1002191351,Mongol Art World Tour _ Save The Art,Performance Art,Art,USD,2015-02-18 11:47:04,25000,2015-01-19 11:47:04,1250,failed,9,US,1250
1002191592,My Darling June,Shorts,Film & Video,USD,2012-09-25 2:28:47,600,2012-09-05 2:28:47,10,failed,1,US,10
1002193030,"Monster Mob, the fun card game for all the monster family.",Playing Cards,Games,GBP,2016-07-21 22:29:45,5000,2016-06-21 22:29:45,80,failed,6,GB,29.1679124
1002193523,Blacklivesmatter Series,Painting,Art,USD,2015-03-19 16:34:54,1100,2015-02-17 17:34:54,0,failed,0,US,0
1002208176,Sorensen Glass Studio,Art,Art,USD,2015-09-11 5:01:00,10000,2015-07-28 5:01:00,10050,successful,32,US,10050
1002211518,FREE SUPERCOMPUTER,Software,Technology,USD,2014-11-11 8:44:00,98000,2014-10-04 2:46:26,1,failed,1,US,1
1002222234,Kings & Astronauts Documentary,Documentary,Film & Video,USD,2012-08-06 2:14:25,7500,2012-06-22 2:14:25,691,failed,21,US,691
1002222363,"""MUSIC OVER FAME"" (NO DIVA DJS) T-Shirt",Art,Art,USD,2016-03-18 17:55:29,5000,2016-02-17 18:55:29,33,failed,4,US,33
1002226766,GLAMAZON: Publishing Campaign! (Canceled),Fiction,Publishing,USD,2014-08-09 23:00:00,16000,2014-06-10 23:15:37,375,canceled,5,US,375
1002234028,Êmp:dance / amiti perry + company,Dance,Dance,USD,2011-05-30 5:59:00,3500,2011-05-18 20:06:41,3520,successful,30,US,3520
1002250421,Spiele f¸r iOS und Android / Games for Android and iOS,Mobile Games,Games,EUR,2015-06-24 17:12:38,2000,2015-06-03 17:12:38,1,canceled,1,DE,1.0925129
1002264833,Sci-Fi Janitors VS the Redbull Soapbox Race,Webseries,Film & Video,USD,2012-05-13 21:51:06,2500,2012-05-03 21:51:06,2708,successful,40,US,2708
1002269200,Redemption,Hip-Hop,Music,USD,2013-04-11 18:27:11,2000,2013-03-12 17:27:11,0,failed,0,US,0
1002272545,Course: Make a Stunning Fantasy RPG with GameMaker Studio,Video Games,Games,USD,2016-08-13 0:01:11,10200,2016-07-14 0:01:11,"20,709.50",successful,1258,US,"11,973.50"
100227845,Secret Behavior Magazine,Art Books,Publishing,USD,2014-08-05 3:00:00,16000,2014-07-14 22:22:21,17563,successful,136,US,17563
1002287054,Michale Graves ìVagabond Acousticî Extremely Limited Edition,Rock,Music,USD,2013-05-27 1:54:34,2500,2013-05-06 1:54:34,12413,successful,240,US,12413
1002289150,Odyssey Skateboards Launch,Graphic Design,Design,USD,2014-12-20 6:55:12,700,2014-11-20 6:55:12,341,failed,5,US,341
1002294238,PoolPooj,Nonfiction,Publishing,USD,2015-09-03 17:38:06,15000,2015-08-04 17:38:06,0,failed,0,US,0
1002299677,A Dark Forest,Comic Books,Comics,GBP,2015-06-28 16:00:06,200,2015-05-14 16:00:06,1097,successful,89,GB,"1,719.14"
1002304874,Shoot For Thrill or Shoot To Kill? Political Sculpture,Sculpture,Art,USD,2015-04-01 6:59:00,500,2015-02-04 18:51:00,1745,successful,23,US,1745
100230798,The Structure,Installations,Art,USD,2015-03-19 11:07:49,1000,2015-02-17 12:07:49,0,failed,0,US,0
1002308373,Money Shot,Film & Video,Film & Video,USD,2013-09-18 5:15:51,4000,2013-09-04 5:15:51,4279,successful,60,US,4279
1002312219,Vagabond: The Search for My Homeless Father,Documentary,Film & Video,USD,2014-08-10 17:42:33,5000,2014-07-11 17:42:33,131,failed,6,US,131
1002342607,Earthreads...the Fabric of the Future,Apparel,Fashion,USD,2016-05-01 7:00:00,13500,2016-04-01 5:33:22,1383,failed,54,US,1383
1002344676,NO! - A game of quick moves and stolen turns,Tabletop Games,Games,CAD,2015-05-27 19:00:30,10000,2015-04-27 19:00:30,3969,failed,120,CA,"3,259.30"
1002355670,"Amateur Prose: A book of poetry, stories and original art.",Illustration,Art,USD,2015-03-15 4:52:14,2300,2015-02-13 5:52:14,2455,successful,58,US,2455
1002363227,Little Boy Wonder - A Short Film,Film & Video,Film & Video,USD,2013-02-17 5:59:00,3250,2013-02-01 23:13:39,3606,successful,43,US,3606
100236770,JUDGED...The Irreverent Party Game,Games,Games,USD,2016-12-26 2:30:08,22500,2016-11-26 2:30:08,308,live,7,US,147
1002368838,Starting A Herb Garden,Food,Food,AUD,2014-11-22 1:30:31,4500,2014-10-23 1:30:31,0,failed,0,AU,0
1002371950,PHANTOM-LIMBED: A Romantic Comedy,Film & Video,Film & Video,USD,2012-09-15 9:38:37,5000,2012-08-16 9:38:37,5975,successful,40,US,5975
1002382304,Defenders of the Realm: Minions,Tabletop Games,Games,USD,2013-08-27 7:00:00,25000,2013-08-07 1:07:19,"91,972.50",successful,622,US,"91,972.50"
1002383422,Matt Whistler The movie - Feature Film,Film & Video,Film & Video,USD,2011-07-08 3:32:03,5000,2011-06-08 3:32:03,200,failed,9,US,200
1002384825,The Undoing Trilogy,Film & Video,Film & Video,USD,2010-12-10 20:07:32,50000,2010-10-11 20:07:32,0,failed,0,US,0
1002388106,R.A.D. (Canceled),Video Games,Games,USD,2015-12-21 19:38:19,6000,2015-11-21 19:38:19,31,canceled,4,US,31
1002405311,Blakes Burgers,Restaurants,Food,USD,2015-04-29 19:30:52,25000,2015-03-30 19:30:52,0,failed,0,US,0
1002407161,Build a traditional tipi.,DIY,Crafts,USD,2014-09-03 22:42:31,2750,2014-08-04 22:42:31,20,failed,1,US,20
1002416983,The Legend of White Woman Creek,Country & Folk,Music,USD,2014-07-16 19:58:41,2500,2014-06-21 19:58:41,3100,successful,96,US,3100
1002418598,To Develop A New Worlds Hottest Chilli.,Community Gardens,Food,AUD,2015-10-29 11:02:16,900,2015-09-29 12:02:16,55,failed,4,AU,38.67063035
10024216,Rock The Audition-In Concert/Sheri Sanders,Theater,Theater,USD,2011-09-27 9:33:06,5000,2011-09-02 9:33:06,0,failed,0,US,0
1002421792,"""Fragile"" Stephanie Mathias' First EP!",Pop,Music,USD,2016-09-16 6:00:00,3000,2016-08-15 14:20:16,3000,successful,60,US,986
1002436709,Second Scene Culture City Project,Documentary,Film & Video,USD,2012-09-30 15:28:11,10000,2012-08-31 15:28:11,377,failed,13,US,377
1002444966,Agrandissement de la brasserie,Drinks,Food,CHF,2016-04-08 21:23:43,2300,2016-03-09 21:23:43,3837,successful,32,CH,"3,858.26"
100245014,Small Footprints (Canceled),Painting,Art,USD,2011-01-30 7:52:40,7000,2010-12-31 7:52:40,50,canceled,1,US,50
1002451969,GO FAR: The Christopher Rush Story (2),Documentary,Film & Video,USD,2012-02-13 4:00:00,5500,2012-01-21 5:51:28,11001,successful,66,US,11001
1002453633,Esquilo: Simple IoT Development - WiFi + Web IDE + Cloud,DIY Electronics,Technology,USD,2015-06-10 15:52:34,10000,2015-05-11 15:52:34,23447,successful,298,US,23447
1002455585,T-Bone & the Cherry Hogs,Shorts,Film & Video,USD,2012-12-16 1:05:14,3000,2012-11-16 1:05:14,0,failed,0,US,0
1002456171,Random Table Wiki,Tabletop Games,Games,USD,2015-04-09 16:30:31,500,2015-03-10 15:30:31,501,successful,26,US,501
1002478333,"Natural face, feet, and body scrubs",Crafts,Crafts,USD,2016-01-18 1:01:55,120,2015-12-19 1:01:55,120,successful,1,US,120
1002484986,LDS Home Teaching App (Visiting Teaching Too),Apps,Technology,USD,2014-10-17 15:36:36,45000,2014-09-02 15:36:36,895,failed,71,US,895
1002490303,"Mother, I am going",Shorts,Film & Video,GBP,2013-07-31 22:00:00,3000,2013-07-02 13:20:39,3396,successful,35,GB,"5,166.22"
1002492289,Fritz: A Robotic Puppet,Technology,Technology,USD,2013-05-01 5:25:13,25000,2013-04-01 5:25:13,"41,136.55",successful,236,US,"41,136.55"
10024998,Casper & The Bad Spirits LP Funding,Indie Rock,Music,USD,2014-12-16 5:21:00,5000,2014-11-13 4:16:22,5189,successful,59,US,5189
1002500521,New Abstract artist. If you love art this is for you!,Painting,Art,GBP,2017-01-06 10:48:07,10000,2016-12-02 10:48:07,0,live,0,GB,0
1002511877,Minecraft Hungergames,Video Games,Games,GBP,2014-12-20 16:27:14,250,2014-11-20 16:27:14,3,failed,1,GB,4.68217404
1002512911,WORLD FAIR,Documentary,Film & Video,USD,2013-03-19 17:42:15,13000,2013-02-07 18:42:15,"15,435.55",successful,251,US,"15,435.55"
1002514543,Campbell Glassworks Co.,Sculpture,Art,USD,2015-09-13 23:04:18,2500,2015-08-14 23:04:18,660,failed,12,US,660
1002515281,Zen-Tek Aquaponics- runs on air,Technology,Technology,AUD,2015-09-13 4:01:00,10000,2015-08-13 11:26:57,1245,failed,6,AU,903.5764166
1002519316,"Your poem, by me.",Poetry,Publishing,CAD,2015-10-31 19:00:32,1000,2015-10-01 20:00:32,55,failed,3,CA,40.98382035
1002520944,Burning Manc Festival,Metal,Music,GBP,2016-11-26 0:00:00,1800,2016-11-13 19:39:02,2250,successful,85,GB,541.877013
1002522073,Lampenschirme und Objekte aus franzˆsischer Handarbeit,Embroidery,Crafts,EUR,2016-12-31 20:39:18,3500,2016-12-01 20:39:18,0,live,0,AT,0
1002524565,THE WOODS,Film & Video,Film & Video,USD,2010-11-22 3:48:43,5000,2010-09-23 3:48:43,0,failed,0,US,0
1002554777,A Better Morrissey Birthday Mix,Music,Music,USD,2011-06-14 19:58:28,500,2011-05-15 19:58:28,0,failed,0,US,0
1002560995,A Ride for Suicide 2015,Documentary,Film & Video,USD,2015-01-31 5:09:20,12000,2014-12-02 5:09:20,4370,failed,25,US,4370
1002570423,Suzanne Iris Mayer Solo Art Show (Canceled),Art,Art,USD,2014-08-27 18:14:08,2600,2014-06-28 18:14:08,0,canceled,0,US,0
1002571103,3mm Aluminum Pick Plectrum,Music,Music,CAD,2014-03-24 22:28:33,1,2014-02-22 23:28:33,20,successful,9,CA,17.994107
1002585330,Tara Normal,Comics,Comics,USD,2013-11-05 3:58:48,4000,2013-10-01 3:58:48,9047,successful,226,US,9047
1002586292,Photoshop for illustrators and designers.,Graphic Design,Design,USD,2013-10-18 19:24:11,15000,2013-09-03 19:24:11,926,failed,16,US,926
1002590077,"Profound Fatigue, produced by Flying Deer Theater (revised)",Theater,Theater,USD,2011-06-11 6:16:29,900,2011-05-12 6:16:29,1010,successful,8,US,1010
1002599773,Wizard Survival - Canceled Dec 1st 2015 (Canceled),Tabletop Games,Games,AUD,2015-12-03 5:08:49,12000,2015-11-05 5:08:49,5422,canceled,91,AU,"3,894.63"
1002599863,Turn your messy Arduino projects into a clean design for 2$,DIY Electronics,Technology,CAD,2016-02-08 18:48:28,1000,2015-12-10 18:48:28,3035,successful,88,CA,"2,236.44"
1002611685,Painting an entire favela in Rio de Janeiro,Public Art,Art,USD,2013-10-31 19:07:00,100000,2013-09-24 7:44:13,"116,655.41",successful,1711,US,"116,655.41"
1002617687,OPEN The TANK,Music,Music,USD,2016-02-28 21:00:00,57000,2016-02-06 15:39:33,61315,successful,694,US,61315
1002621189,Reed - Bringing Tablet Reading Up to Speed,Product Design,Design,USD,2011-12-28 19:41:24,5000,2011-11-28 19:41:24,35,failed,2,US,35
1002624093,Flags of the world,Painting,Art,USD,2012-03-19 10:46:06,4000,2012-01-29 11:46:06,1040,failed,19,US,1040
100263139,"Mover Kit: get kids moving, building & coding",Product Design,Design,USD,2016-06-10 14:23:14,50000,2016-05-11 14:23:14,129311,successful,1822,US,129311
1002633138,The VolksDangler: Hack your pockets,Product Design,Design,USD,2015-05-25 1:00:00,14000,2015-04-25 15:42:26,24428,successful,264,US,24428
100264379,P-LINK : Guitar Pickup Interchange System,Product Design,Design,AUD,2016-09-30 4:00:00,75000,2016-08-18 16:31:22,13863,failed,89,AU,"1,139.94"
1002646104,The Book Of Bare Bones 2,Illustration,Art,GBP,2016-09-30 1:00:00,1000,2016-08-04 21:00:09,2552,successful,141,GB,"1,251.30"
1002646572,ProFitstick | Feel the Power,Product Design,Design,EUR,2016-07-31 1:00:00,35000,2016-06-21 1:32:57,2321,failed,40,IE,"1,756.84"
1002651584,the mailboxes forthcoming album!,Music,Music,USD,2012-08-02 2:30:00,2000,2012-07-03 22:03:15,"2,037.19",successful,37,US,"2,037.19"
1002664274,Rocket Ranger Reloaded,Video Games,Games,USD,2014-12-18 1:01:38,89999,2014-11-13 1:01:38,90715,successful,942,US,90715
1002674727,Write my Estimate - have your estimate written anywhere!,Apps,Technology,USD,2015-11-28 0:32:08,10000,2015-09-29 0:32:08,0,failed,0,US,0
1002681356,PortsCenter,Webseries,Film & Video,USD,2011-12-17 7:36:03,7000,2011-10-18 7:36:03,1448,failed,41,US,1448
1002684709,So You Like the Neighborhood,Comedy,Film & Video,USD,2016-06-02 22:36:28,5000,2016-05-03 22:36:28,"5,772.15",successful,65,US,"5,772.15"
1002692211,SparkLab: the educational build-mobile!,Hardware,Technology,USD,2012-03-24 5:00:00,25000,2012-02-22 2:22:35,"31,275.60",successful,426,US,"31,275.60"
1002710067,Karma Gets A Face Lift!,Shorts,Film & Video,USD,2011-05-23 1:56:53,1500,2011-04-23 1:56:53,0,failed,0,US,0
1002715554,a restaurant going against the grain in colchester essex,Restaurants,Food,GBP,2016-06-06 13:09:27,10000,2016-05-07 13:09:27,11290,successful,167,GB,"16,355.07"
1002717273,Bull & Dragon's Pop-Up Restaurant Project,Food,Food,USD,2013-09-07 23:29:10,34000,2013-07-29 23:29:10,596,failed,14,US,596
1002717707,MAY THE TORQUE BE WITH YOU,Graphic Design,Design,USD,2015-01-17 22:40:00,1400,2014-12-19 17:24:22,1,failed,1,US,1
1002720451,Stage one & Stage two Music theatre,Music,Music,USD,2014-08-13 20:47:06,300000,2014-07-14 20:47:06,0,failed,0,US,0
1002721954,Phochron XA Film Camera Shutter Speed Tester,Camera Equipment,Technology,USD,2016-11-17 22:40:38,8500,2016-10-18 22:40:38,16998,successful,135,US,9699
1002723323,Vivian the Dog Moves to Brooklyn,Children's Books,Publishing,USD,2016-07-07 13:30:59,10080,2016-06-07 13:30:59,20330,successful,545,US,19011
1002723555,Darkghost Assignments: The Book Brothers,Fiction,Publishing,USD,2012-12-02 19:17:04,1675,2012-11-12 19:17:04,0,failed,0,US,0
1002724533,This Mick's Life,Nonfiction,Publishing,USD,2014-08-09 7:15:44,4399,2014-07-10 7:15:44,5688,successful,62,US,5688
1002728217,Free soap from starting soap maker!,Crafts,Crafts,USD,2014-08-19 7:38:32,10,2014-07-20 7:38:32,36,successful,16,US,36
1002740336,Shattered & Restored,Film & Video,Film & Video,USD,2016-07-25 19:43:36,62700,2016-05-26 19:43:36,1041,failed,7,US,754
1002745522,Barry County Milk,Farms,Food,USD,2014-09-21 17:50:08,500000,2014-08-12 17:50:08,5,failed,1,US,5
1002746950,The Giant Communist,Shorts,Film & Video,USD,2011-07-18 19:58:14,1000,2011-06-08 19:58:14,10,failed,1,US,10
1002749658,Surf Right - A Documentary Inspired by Cold Water Surfers,Documentary,Film & Video,USD,2013-04-11 20:01:44,100000,2013-03-12 19:02:25,17679,failed,153,US,17679